# Blender v2.79 (sub 0) OBJ File: 'aHatsuneMikuDivaBlank.blend'
# www.blender.org
mtllib stanley.mtl
o stanley_ref.stanley_ref.smd.mesh_0
v 25.213821 36.950897 -1.373285
v 25.247950 36.938221 -1.802186
v 25.614632 36.964645 -1.647483
v 0.795787 64.518227 3.943656
v 0.617645 64.570374 3.921888
v 0.735915 64.519051 3.555171
v 0.872430 64.490654 3.692457
v 0.965368 64.541367 3.520170
v 0.652892 64.431938 4.190428
v 0.505790 64.583923 4.134143
v 0.473091 65.076782 4.110399
v 0.714351 65.126190 3.432688
v 0.837990 65.180847 2.651170
v 0.837989 64.570488 2.603102
v 1.050001 64.570488 2.603102
v 0.552577 64.466187 4.276357
v 0.360437 65.060242 4.394713
v -0.063852 65.056358 4.466609
v -0.063853 64.616913 4.524623
v 1.050001 64.570488 2.603102
v 1.069591 65.183296 2.651341
v 0.984958 65.126396 3.465046
v 0.965368 64.541367 3.520170
v 0.863637 65.088287 3.943742
v 0.872430 64.490654 3.692457
v 0.795787 64.518227 3.943656
v 0.671070 65.063644 4.221935
v 0.652892 64.431938 4.190428
v 0.552577 64.466187 4.276357
v 0.468993 64.421043 4.337627
v 0.317290 64.456528 4.447763
v -0.066742 64.435165 4.530107
v 0.295525 64.427048 4.459548
v -0.969574 64.570496 2.603100
v -0.969574 65.180847 2.651166
v -0.841501 64.516037 3.548398
v -0.838810 65.126190 3.432684
v -0.587233 65.073601 4.110085
v -0.728320 64.541618 3.911919
v -0.666742 64.570816 4.155522
v -0.781756 64.452698 4.190289
v -0.697500 64.482300 4.291302
v -0.920034 64.526352 3.946492
v -1.000778 64.472038 3.677201
v -1.058950 64.540588 3.539340
v -1.186073 64.570503 2.603100
v -0.095935 64.435165 4.530107
v -0.063853 64.616913 4.524623
v -0.063852 65.056358 4.466609
v -1.205661 65.183296 2.651334
v -1.186073 64.570503 2.603100
v -1.078539 65.126389 3.465040
v -1.058950 64.540588 3.539340
v -0.987266 65.081329 3.943050
v -1.000778 64.472038 3.677201
v -0.920034 64.526352 3.946492
v -0.809717 65.049667 4.220510
v -0.781756 64.452698 4.190289
v -0.697500 64.482300 4.291302
v -0.492057 65.055954 4.416368
v -0.587081 64.445068 4.369679
v -0.439594 64.484665 4.471758
v -0.417829 64.445831 4.478395
v 0.551283 64.345879 4.065169
v 0.393906 64.224350 4.061410
v 0.421187 64.305771 4.173224
v 0.517148 64.292679 3.838747
v 0.430297 63.785206 3.812486
v 0.768918 64.367043 3.496948
v 0.752748 63.825901 3.230497
v 0.846363 63.876118 2.512343
v 0.891379 64.448593 2.546989
v 0.950542 64.390121 3.454605
v 1.070428 64.487213 2.549690
v 0.888603 64.406174 3.638958
v 0.690360 64.322723 3.866260
v -6.296489 2.084874 4.243270
v -6.146149 2.164547 5.541364
v -5.030512 2.653467 6.362588
v -4.981554 2.579679 4.658505
v -3.736346 2.658082 6.472020
v -3.503721 2.469802 4.676950
v -2.544862 2.059622 4.660002
v -3.954071 3.384640 2.407932
v -2.237070 3.572979 1.500483
v -2.035119 0.758178 2.016074
v -2.293016 0.555394 5.030552
v -2.760141 2.217820 5.748781
v -5.167525 3.282023 0.895835
v -3.296521 -0.000736 -4.358324
v -4.549613 0.000160 -4.168228
v -3.313806 1.080683 -4.376121
v -4.552795 1.092133 -4.179468
v -5.331157 0.000762 -3.411856
v -5.328884 1.070214 -3.502411
v -5.697070 0.993429 -0.784641
v -5.490757 1.095957 -0.787403
v -5.958377 1.096437 1.496852
v -5.507574 3.064620 -0.886893
v -6.139882 0.478443 2.472996
v -6.675675 0.564906 4.926262
v -6.281158 1.742294 6.174382
v -5.103238 2.108731 7.060773
v -3.763659 2.134485 7.182318
v -5.044141 1.095185 -3.461606
v -4.482383 1.094792 -4.056467
v -4.829309 3.057351 -3.727746
v -3.150118 3.019992 -3.973382
v -3.338271 1.093950 -4.241678
v -2.701750 1.784834 6.385495
v -2.637598 1.080160 6.605948
v -3.784155 1.375416 7.403960
v -5.102607 1.341790 7.271254
v -6.323931 1.034980 6.392380
v -2.158192 1.057415 -3.930719
v -2.205106 1.090305 -3.771932
v -1.626194 1.084230 -2.865376
v -1.687518 2.929754 -3.038422
v -1.886582 0.697640 -0.393977
v -1.862629 2.987463 -1.007902
v -2.106567 0.752044 1.176796
v -1.895157 0.789044 2.016067
v -2.005117 0.563999 4.981966
v -2.487704 1.009226 6.725523
v -3.784914 1.273115 7.582094
v -5.181633 1.244436 7.470930
v -6.470783 0.954969 6.581488
v -1.450806 1.073959 -2.948366
v -2.150028 -0.001512 -3.899959
v -3.296521 -0.000736 -4.358324
v -3.313806 1.080683 -4.376121
v -3.338271 1.093950 -4.241678
v -3.150118 3.019992 -3.973382
v -1.451076 -0.001941 -2.930634
v -6.463624 0.385121 2.504671
v -6.385900 0.001834 1.462862
v -6.863276 0.481642 4.946598
v -6.837022 -0.011318 5.838835
v -6.536150 0.258001 6.810001
v -5.262343 0.555188 7.737531
v -3.745776 0.553612 7.868762
v -2.453592 0.247774 6.981680
v -2.023772 -0.014704 5.928605
v -1.862309 -0.001315 2.051196
v -6.072242 0.997727 1.487737
v -5.696782 0.700381 -0.784580
v -5.697286 0.001197 -0.784566
v -5.988339 0.684519 0.509770
v -6.385900 0.001834 1.462862
v 0.202001 64.324074 4.395449
v -0.036540 64.324631 4.451802
v 0.220383 64.301849 4.386098
v -0.059504 64.280334 4.441756
v -0.054876 63.751141 4.264296
v 0.334780 63.756371 4.189405
v 0.363786 64.329453 4.266798
v 0.421187 64.305771 4.173224
v 0.542789 63.769753 3.998127
v 0.551283 64.345879 4.065169
v 0.690360 64.322723 3.866260
v 0.737432 63.794395 3.645736
v 0.888603 64.406174 3.638958
v 0.950542 64.390121 3.454605
v 0.967858 63.821182 3.262513
v 1.070428 64.487213 2.549690
v 1.070426 63.873642 2.512171
v -0.836374 64.384628 3.491617
v -1.049209 64.383080 3.453957
v -1.013203 64.418137 3.625838
v -0.829559 64.336243 3.869476
v -0.665541 64.298279 3.831178
v -0.705914 64.351578 4.064024
v -0.939712 64.487213 2.549684
v -1.203247 64.487213 2.549683
v -0.979185 63.876114 2.512337
v -0.858070 63.825897 3.230495
v -0.451998 63.785206 3.812481
v -0.545912 64.235901 4.062213
v -0.597828 64.307632 4.192910
v -3.745776 0.553612 7.868762
v -5.262343 0.555188 7.737531
v -6.536150 0.258001 6.810001
v -2.453592 0.247774 6.981680
v -6.837022 -0.011318 5.838835
v -2.023772 -0.014704 5.928605
v -6.385900 0.001834 1.462862
v -1.862309 -0.001315 2.051196
v -5.988339 0.684519 0.509770
v -2.106567 0.752044 1.176796
v -5.696782 0.700381 -0.784580
v -1.886582 0.697640 -0.393977
v -23.993410 38.398941 -0.640517
v -23.540569 38.250408 -1.316281
v -23.479469 38.227520 -0.498219
v -23.292728 38.443966 -2.134206
v -22.327642 38.504715 -1.179202
v -22.084566 38.880234 -1.005487
v -22.350607 38.738411 -1.923975
v -22.717426 38.868984 -2.798166
v -22.008112 39.619160 -1.883824
v -22.136885 39.410915 -0.563820
v -21.685789 40.444843 -1.928307
v -22.211098 40.231457 -0.887423
v -21.969685 40.415356 -2.889782
v -22.218363 39.836613 -2.865852
v -23.406487 39.082195 -3.888698
v -22.865223 39.997231 -3.722252
v -23.879883 39.358833 -3.969513
v -23.301043 40.304462 -3.817803
v -24.278952 39.501213 -3.560508
v -23.531855 40.539291 -3.551871
v -24.547518 39.729881 -2.871772
v -23.845095 40.808056 -2.920650
v -24.617371 39.798092 -2.082587
v -23.889608 40.903805 -2.104734
v -24.466652 39.769028 -1.106662
v -23.735056 40.902676 -1.338186
v -23.381971 40.740002 -0.801283
v -23.270523 41.532085 -1.401718
v -22.919973 41.313004 -0.796791
v -22.707821 41.020161 -3.667687
v -23.305540 41.631054 -2.048358
v -23.348080 41.528267 -2.982485
v -24.250063 38.504139 -0.635155
v -23.993410 38.398941 -0.640517
v -24.313450 38.763592 -0.515558
v -25.177893 38.618484 -0.740412
v -25.277225 38.761429 -1.353926
v -25.296272 38.797630 -2.113210
v -25.184198 38.756824 -2.840307
v -24.923685 38.622334 -3.557183
v -24.481823 38.540096 -4.008576
v -24.031912 38.312679 -3.897866
v -23.967066 38.060810 -3.105215
v -24.094082 37.918659 -2.385688
v -25.804138 37.954037 -2.089904
v -25.805702 37.924034 -1.384414
v -25.902674 37.357952 -1.393419
v -25.836510 37.451565 -1.887055
v -25.585604 36.940453 -1.656024
v -25.631907 36.204044 -1.734609
v -25.986242 36.295052 -1.879218
v -25.659885 35.811699 -1.821052
v -25.967785 35.951881 -1.906097
v -25.819162 35.079449 -1.947894
v -25.937754 36.048256 -2.250505
v -25.978807 36.389931 -2.237785
v -25.823725 37.458378 -2.226679
v -25.714485 37.928360 -2.767743
v -25.515692 34.950363 -1.868509
v -25.746218 37.487503 -2.732769
v -24.910696 37.759060 -4.037144
v -25.207527 37.827744 -3.813334
v -25.539410 37.903263 -3.296060
v -25.592356 37.440502 -3.203189
v -25.772331 36.509399 -2.685575
v -25.688229 36.158497 -2.662300
v -25.862356 35.205795 -2.290939
v -25.757757 34.827499 -1.952307
v -25.286697 34.219784 -1.922026
v -25.522453 34.121922 -1.967680
v -25.787878 34.861229 -2.309710
v -25.584372 35.201385 -2.619867
v -24.966072 36.474510 -3.301550
v -24.856035 35.967159 -3.298351
v -24.700109 36.081322 -3.679265
v -24.797031 36.492638 -3.737156
v -24.876917 37.039124 -3.159199
v -24.785704 37.112843 -3.813688
v -24.508411 37.501175 -3.133971
v -24.514162 37.635880 -3.847214
v -25.012800 37.258503 -4.062122
v -25.320063 37.311016 -3.835901
v -25.437880 37.394169 -3.536130
v -25.705318 36.524437 -3.073490
v -25.631353 36.216293 -3.049090
v -25.368853 36.370564 -3.403349
v -25.528507 35.555141 -3.052527
v -25.477730 36.660442 -3.444062
v -25.421104 35.263290 -3.078928
v -25.046921 35.559380 -3.379785
v -25.341805 36.328331 -3.789941
v -25.417803 36.638500 -3.793061
v -25.208336 36.683147 -4.034276
v -24.916018 36.589966 -3.993337
v -25.182861 36.378513 -4.016718
v -24.806578 36.116829 -3.972193
v -24.938759 35.816746 -3.979800
v -24.628279 35.782043 -3.955699
v -24.842417 35.679848 -3.951921
v -24.312254 35.278347 -3.909697
v -24.562477 35.642792 -3.624496
v -25.093632 35.590618 -3.740031
v -25.223124 35.799362 -3.768250
v -25.528799 34.172997 -2.258592
v -25.003895 34.302963 -2.567330
v -25.010630 34.624409 -3.043783
v -24.508938 34.948601 -3.344594
v -24.669895 35.046616 -3.654155
v -24.429230 35.149120 -3.816732
v -24.356001 35.005653 -3.645551
v -24.508938 34.948601 -3.344594
v -24.240784 35.236767 -3.562829
v -24.663038 35.445530 -3.301256
v -24.508938 34.948601 -3.344594
v -24.793062 35.268269 -2.825693
v -24.647951 34.627529 -2.847256
v -25.030680 35.058155 -2.453186
v -25.003895 34.302963 -2.567330
v -25.242813 34.989201 -2.024087
v -25.035694 34.257648 -2.025827
v -25.515692 34.950363 -1.868509
v -25.286697 34.219784 -1.922026
v -24.970839 35.840519 -2.886930
v -25.208477 35.762108 -2.439643
v -25.303114 35.717030 -1.954611
v -25.659885 35.811699 -1.821052
v -25.139778 36.986061 -2.479624
v -25.222944 36.917809 -1.820501
v -25.262335 36.284790 -2.476111
v -25.042110 36.363091 -2.913900
v -25.377535 36.183411 -1.941611
v -25.631907 36.204044 -1.734609
v -25.585604 36.940453 -1.656024
v -24.663570 37.393139 -2.429412
v -24.857635 37.323742 -1.527846
v -25.177963 36.921341 -1.392428
v -25.315533 34.432011 -1.392537
v -25.320431 34.402107 -1.069763
v -25.389582 34.192028 -1.387075
v -25.377796 35.138222 -1.016888
v -25.368370 35.156746 -1.342649
v -25.427362 36.199677 -0.918074
v -25.370287 36.176914 -1.365828
v -25.248466 36.923550 -0.894685
v -25.030306 37.329750 -0.853927
v -24.604040 37.918964 -0.712029
v -24.364412 37.849579 -1.420797
v -24.250063 38.504139 -0.635155
v -24.774553 38.165340 -0.650719
v -25.373201 37.539589 -0.702749
v -25.555477 37.041267 -0.689676
v -25.724104 36.232292 -0.727306
v -25.647381 35.121265 -0.829548
v -25.529631 34.360779 -0.958661
v -25.421701 34.138176 -1.125836
v -22.084566 38.880234 -1.005487
v -22.136885 39.410915 -0.563820
v -22.286804 38.537579 -0.094794
v -22.734562 40.499992 -0.741529
v -21.881285 40.706909 -0.849765
v -22.211098 40.231457 -0.887423
v -22.549480 39.629654 -0.179954
v -22.618546 38.751247 0.303405
v -22.442680 38.170132 0.022413
v -22.694475 38.331757 0.398721
v -22.623775 37.686390 0.200660
v -22.860350 37.818264 0.517667
v -22.752945 37.268482 0.338872
v -22.965881 37.395790 0.616599
v -22.881926 36.819176 0.390608
v -23.131098 36.926991 0.593564
v -23.073141 36.275272 0.443322
v -23.292774 36.366917 0.667308
v -23.168709 35.956211 0.533337
v -23.258160 35.946846 0.280390
v -23.431635 37.004440 0.618305
v -23.533276 36.447941 0.696741
v -23.290180 37.492733 0.615152
v -23.200764 37.944614 0.518506
v -23.105673 38.417095 0.451271
v -23.046591 38.824986 0.343860
v -22.996403 39.757072 -0.162183
v -23.488403 39.529747 -0.205693
v -23.440571 38.811279 0.115353
v -23.749632 38.692047 -0.184607
v -23.448833 38.080921 0.314646
v -23.546328 38.020641 0.011024
v -23.484642 37.506599 0.428565
v -23.603146 37.472050 0.136728
v -23.634045 37.044903 0.462622
v -23.731655 37.020370 0.203775
v -23.703707 36.484341 0.585402
v -23.365530 35.970600 0.711966
v -23.603624 36.064377 0.740200
v -23.819551 36.441406 0.285920
v -23.617596 36.947712 -0.051117
v -23.502220 37.418476 -0.073244
v -23.410545 37.759605 -0.186372
v -23.479469 38.227520 -0.498219
v -24.034302 39.564590 -0.523074
v -23.728460 36.065857 0.508954
v -23.550018 36.295803 0.072008
v -23.508665 35.981102 0.368279
v -23.479469 38.227520 -0.498219
v -22.713392 38.053596 -0.624668
v -23.410545 37.759605 -0.186372
v -23.540569 38.250408 -1.316281
v -22.327642 38.504715 -1.179202
v -23.125481 36.262672 0.054520
v -23.508665 35.981102 0.368279
v -22.978565 36.748386 -0.127908
v -22.877508 37.255920 -0.043657
v -22.680777 37.661224 -0.162826
v -22.445629 38.049900 -0.397211
v -22.246185 38.468342 -0.671584
v -22.967291 37.666988 -0.266527
v -23.266712 36.846519 -0.168486
v -23.124500 37.287212 -0.212084
v -23.502220 37.418476 -0.073244
v -23.617596 36.947712 -0.051117
v -23.550018 36.295803 0.072008
v -25.010630 34.624409 -3.043783
v -24.647951 34.627529 -2.847256
v -25.003895 34.302963 -2.567330
v -24.508938 34.948601 -3.344594
v -25.177963 36.921341 -1.392428
v -25.585604 36.940453 -1.656024
v -25.222944 36.917809 -1.820501
v -1.203247 64.487213 2.549683
v -1.203248 63.873661 2.512166
v -1.073180 63.821186 3.262509
v -1.049209 64.383080 3.453957
v -0.908640 63.794392 3.645732
v -1.013203 64.418137 3.625838
v -0.829559 64.336243 3.869476
v -0.686814 63.769749 3.998126
v -0.705914 64.351578 4.064024
v -0.597828 64.307632 4.192910
v -0.444560 63.750797 4.226359
v -0.547647 64.335846 4.270364
v -0.334138 64.313782 4.403755
v -0.061214 64.324631 4.451804
v -0.311562 64.333511 4.404170
v -0.059504 64.280334 4.441756
v -0.444560 63.750797 4.226359
v -0.054876 63.751141 4.264296
v -25.617893 34.508743 -1.589659
v -25.684610 34.073788 -1.423975
v -25.851547 34.392159 -1.415299
v -25.659082 35.260689 -1.514065
v -25.899757 35.096073 -1.372625
v -25.923435 35.316093 -1.358971
v -25.740162 36.296612 -1.513932
v -25.996485 36.185730 -1.333634
v -26.075497 36.462978 -1.316610
v -25.585604 36.940453 -1.656024
v -25.902674 37.357952 -1.393419
v -2.237070 3.572979 1.500483
v -1.862629 2.987463 -1.007902
v -1.656771 2.622685 -1.059896
v -2.173923 3.193574 2.388909
v -23.365530 35.970600 0.711966
v -23.603624 36.064377 0.740200
v -23.728460 36.065857 0.508954
v -23.508665 35.981102 0.368279
v -23.258160 35.946846 0.280390
v -23.168709 35.956211 0.533337
v -23.365530 35.970600 0.711966
v -23.508665 35.981102 0.368279
v -25.003895 34.302963 -2.567330
v -25.035694 34.257648 -2.025827
v -25.192213 34.111080 -2.150205
v -25.286697 34.219784 -1.922026
v -25.522453 34.121922 -1.967680
v -25.528799 34.172997 -2.258592
v -25.003895 34.302963 -2.567330
v -25.192213 34.111080 -2.150205
v -25.522453 34.121922 -1.967680
v -25.389582 34.192028 -1.387075
v -25.421701 34.138176 -1.125836
v -25.711046 34.017014 -1.120697
v -25.684610 34.073788 -1.423975
v -25.854244 34.323326 -1.055809
v -25.711046 34.017014 -1.120697
v -25.421701 34.138176 -1.125836
v -25.529631 34.360779 -0.958661
v -25.916531 34.999233 -0.978808
v -25.647381 35.121265 -0.829548
v -25.933558 35.243061 -0.952468
v -25.999146 36.119030 -0.881058
v -25.724104 36.232292 -0.727306
v -24.774553 38.165340 -0.650719
v -25.373201 37.539589 -0.702749
v -25.740730 37.777294 -0.841412
v -25.555477 37.041267 -0.689676
v -25.880417 37.247009 -0.841577
v -26.051458 36.435585 -0.894094
v -26.075497 36.462978 -1.316610
v -25.996485 36.185730 -1.333634
v -25.923435 35.316093 -1.358971
v -25.899757 35.096073 -1.372625
v -25.851547 34.392159 -1.415299
v -25.684610 34.073788 -1.423975
v -1.656771 2.622685 -1.059896
v -1.108946 3.668850 -1.050434
v -2.173923 3.193574 2.388909
v -0.734272 9.793057 -0.830685
v -2.151809 9.775790 1.634704
v -1.141094 5.225612 -1.299216
v -2.356573 5.976810 2.050806
v -2.213449 4.446364 1.906996
v -4.569893 3.319127 3.070251
v -7.170100 6.138810 -1.461498
v -5.429371 4.948092 -4.706416
v -4.929627 1.977677 -3.889303
v -5.646240 2.359558 -0.960451
v -6.720102 6.720304 0.652093
v -5.921225 4.121719 1.208843
v -5.689484 2.910400 1.363955
v -4.494030 3.850991 2.731886
v -4.079222 6.542030 2.019179
v -4.157430 9.710502 1.607985
v -2.184342 13.774750 1.734208
v -0.960042 13.888012 -0.732405
v -2.229877 18.039860 1.941130
v -1.198303 18.496458 -0.556066
v -1.919426 20.274567 2.512480
v -1.233145 20.327101 -0.317632
v -0.945226 22.921556 -0.050092
v -3.816508 13.682081 1.813667
v -6.778523 9.351007 0.436753
v -6.980053 8.936584 -1.572942
v -5.661176 9.846958 -4.718277
v -3.011363 5.117552 -4.887156
v -3.330647 2.204959 -4.363492
v -1.639404 2.475527 -3.363966
v -3.942894 31.556837 3.690914
v -3.227414 33.095879 3.944508
v -5.884441 34.484184 2.472055
v -0.477153 31.727041 3.867232
v -0.771184 30.034044 3.802248
v -0.054101 31.623518 0.138315
v -0.156667 29.909386 0.059619
v -0.543594 26.526039 -0.128825
v -1.184375 26.514277 3.339437
v -1.717277 22.899679 2.890550
v -3.828510 20.113388 2.808651
v -3.792507 18.005451 2.182486
v -6.137456 13.758673 0.633026
v -6.573865 14.084805 -1.546335
v -5.999255 18.160002 1.096844
v -6.027429 20.274729 1.605035
v -3.720767 22.822262 3.226167
v -3.860440 26.627884 3.487372
v -6.417393 18.338085 -1.079051
v -6.593283 20.617060 -0.862919
v -1.108946 3.668850 -1.050434
v -1.656771 2.622685 -1.059896
v -1.141094 5.225612 -1.299216
v -1.122472 5.315015 -3.670237
v -2.968136 10.782320 -5.234159
v -5.268466 14.125697 -4.100541
v -4.938117 18.794022 -3.101097
v -5.137887 20.637396 -3.091734
v -6.734552 22.956436 -0.619611
v -6.013757 22.910221 1.979310
v -5.986859 26.644640 2.275589
v -5.292182 26.899168 -2.842813
v -3.066369 27.065413 -4.061313
v -5.187100 23.204700 -2.876532
v -2.896819 20.956362 -4.192474
v -2.922141 19.049814 -4.298967
v -2.958031 14.275691 -4.742970
v -1.029757 14.552876 -3.541647
v -0.901094 10.667982 -4.030725
v -0.734272 9.793057 -0.830685
v -2.995536 23.490601 -4.093192
v -0.529016 31.783369 -4.564536
v -1.190795 26.679609 -2.874859
v -1.278925 23.315687 -2.488476
v -1.272281 20.620493 -2.403862
v -1.394906 18.853363 -2.789741
v -0.960042 13.888012 -0.732405
v -1.198303 18.496458 -0.556066
v -1.233145 20.327101 -0.317632
v -0.945226 22.921556 -0.050092
v -0.543594 26.526039 -0.128825
v -0.156667 29.909386 0.059619
v -0.054101 31.623518 0.138315
v 0.017303 33.271172 -5.319862
v 0.018805 31.824970 -4.570048
v -7.073868 31.290781 -0.671548
v -5.520247 31.273684 -3.334367
v -6.858543 26.717577 -0.487376
v -7.171107 33.531033 -0.888068
v -6.520462 33.940056 1.658878
v -7.139390 35.434341 -1.231920
v -6.778030 36.361408 1.132988
v -7.206045 36.602951 -1.351983
v -5.210985 35.189949 -3.858321
v -5.147785 36.611507 -3.976932
v -2.785571 34.852230 -5.694565
v -2.847068 36.548252 -5.777694
v -0.866648 34.756416 -5.829824
v 0.013568 34.759434 -5.852141
v -0.877829 33.266323 -5.330225
v -2.893972 31.427273 -4.708968
v -5.372481 33.537830 -3.727453
v -2.890896 33.348480 -5.268559
v -5.162827 38.031277 -4.164164
v -7.487045 36.122925 -1.389428
v -2.789251 38.202084 -5.838731
v 0.006669 38.340244 -6.019564
v 0.008003 36.561146 -5.962768
v -6.263999 31.402325 2.089121
v -4.861856 35.398853 3.327610
v -5.485262 36.597977 3.022546
v -3.840511 36.748241 3.936844
v -2.730552 34.647949 4.175951
v -1.729591 36.734154 4.491000
v -1.213335 34.712593 4.437582
v -0.895449 32.961033 4.199944
v -0.006818 34.699581 4.479181
v -0.009395 32.910477 4.184080
v 1.190494 34.713604 4.422967
v 0.869381 32.962299 4.180593
v 2.703042 34.648754 4.168035
v 3.196294 33.096668 3.939639
v -0.007369 36.765495 4.615677
v 1.711611 36.734859 4.481581
v 3.820707 36.748585 3.936761
v 1.685171 22.901098 2.870062
v 1.890141 20.275826 2.494633
v 3.684938 22.822836 3.227010
v 1.234062 20.328154 -0.342637
v 0.944492 22.922789 -0.078639
v 0.545192 26.527334 -0.159764
v 1.151079 26.515926 3.314107
v 0.157570 29.910408 0.035374
v 0.740293 30.035656 3.776827
v 0.450158 31.728550 3.842631
v -0.011444 31.709307 3.870937
v 0.054794 31.623911 0.128708
v 3.823552 26.628441 3.489010
v 5.991116 22.909529 2.004630
v 6.509140 33.939262 1.681916
v 5.866671 34.483749 2.489329
v 6.246164 31.401621 2.112839
v 3.909277 31.557344 3.692443
v 4.839544 35.398903 3.335386
v 5.962763 26.644014 2.299940
v 6.739569 22.954945 -0.586475
v 6.599835 20.615585 -0.830858
v 5.216356 23.203497 -2.859792
v 5.168269 20.636173 -3.075048
v 4.967772 18.792881 -3.086210
v 2.964783 19.049372 -4.305530
v 3.003228 14.275148 -4.748274
v 5.306621 14.124225 -4.081248
v 6.425220 18.336647 -1.048444
v 6.584726 14.083210 -1.513277
v 6.863856 26.716051 -0.453597
v 5.466085 36.597786 3.034653
v 6.773509 36.360672 1.152072
v 7.181626 33.529594 -0.858461
v 7.083211 31.289124 -0.636280
v 5.322752 26.897921 -2.825614
v 3.038004 23.490166 -4.099775
v 2.939196 20.955952 -4.199652
v 1.421473 18.853886 -2.812618
v 0.008003 36.561146 -5.962768
v 0.006669 38.340244 -6.019564
v 2.798058 38.202003 -5.840312
v 2.866295 36.547997 -5.776671
v 5.176284 38.030888 -4.160548
v 5.164016 36.611031 -3.972271
v 7.215382 36.602055 -1.334709
v 7.149364 35.433311 -1.211770
v 5.405600 33.536720 -3.714547
v 5.558031 31.272242 -3.315490
v 3.110119 27.064951 -4.067779
v 1.304320 23.316326 -2.513401
v 1.295548 20.621145 -2.428382
v 1.200930 18.497478 -0.581101
v 1.062395 14.553428 -3.567605
v 0.962463 13.889108 -0.759147
v 5.235667 35.189194 -3.850344
v 0.564178 31.783573 -4.578201
v 1.221841 26.680214 -2.901300
v 0.545192 26.527334 -0.159764
v 0.944492 22.922789 -0.078639
v 1.234062 20.328154 -0.342637
v 0.157570 29.910408 0.035374
v 0.054794 31.623911 0.128708
v 2.943861 31.426798 -4.717576
v 2.929852 33.348087 -5.274901
v 2.813866 34.851959 -5.699499
v 0.893807 34.756382 -5.834211
v 0.013568 34.759434 -5.852141
v 0.911047 33.266300 -5.336575
v 0.017303 33.271172 -5.319862
v 0.018805 31.824970 -4.570048
v -3.954071 3.384640 2.407932
v -2.237070 3.572979 1.500483
v -2.173923 3.193574 2.388909
v -4.569893 3.319127 3.070251
v -5.167525 3.282023 0.895835
v -5.689484 2.910400 1.363955
v -5.507574 3.064620 -0.886893
v -5.646240 2.359558 -0.960451
v -4.829309 3.057351 -3.727746
v -4.929627 1.977677 -3.889303
v -3.150118 3.019992 -3.973382
v -4.829309 3.057351 -3.727746
v -4.929627 1.977677 -3.889303
v -3.330647 2.204959 -4.363492
v -1.656771 2.622685 -1.059896
v -1.862629 2.987463 -1.007902
v -1.687518 2.929754 -3.038422
v -1.639404 2.475527 -3.363966
v -1.687518 2.929754 -3.038422
v -3.150118 3.019992 -3.973382
v -3.330647 2.204959 -4.363492
v -1.639404 2.475527 -3.363966
v -6.772155 50.875870 -2.371572
v -6.985012 50.527195 -0.438461
v -7.081761 52.426971 0.536783
v -6.409841 52.453533 1.925146
v -6.708840 54.771549 2.421710
v -2.359581 59.628677 2.108201
v -1.553032 60.699883 2.952827
v -2.493057 61.491070 1.840445
v -1.535310 58.946026 3.030675
v -1.160456 59.197857 3.279082
v -0.292503 57.394287 3.791187
v -1.299072 57.394386 3.628660
v -1.533045 54.870861 4.308578
v -2.876494 57.370464 3.289259
v -3.258922 54.829483 3.950233
v -4.891924 57.401230 2.715343
v -5.044812 54.764034 3.365952
v -6.459212 57.431652 2.135835
v -4.871295 52.127617 3.491260
v -6.512509 50.127190 1.459259
v -6.800055 46.753128 -1.394104
v 0.000000 54.889576 4.507679
v -6.807673 44.806019 -1.617180
v -6.204217 46.848606 -2.782117
v 2.383629 40.674725 5.190969
v 2.337558 42.359779 5.151584
v 0.000000 40.624428 5.556859
v 0.000000 42.332977 5.557090
v 0.000000 44.369957 5.431380
v -2.258862 44.386166 5.088770
v 0.000000 45.798016 5.355786
v -2.224054 45.856277 4.958414
v -2.198374 49.102367 4.728488
v -5.143239 46.079281 3.355654
v -4.920546 49.663143 3.407512
v -2.147133 51.906471 4.553966
v 0.000000 51.946724 4.904913
v 2.147133 51.906471 4.553967
v -2.337558 42.359779 5.151584
v 2.224054 45.856277 4.958414
v 2.258862 44.386166 5.088770
v 5.216454 44.373291 3.393711
v 5.143239 46.079281 3.355654
v 4.920546 49.663143 3.407512
v 0.000000 48.894169 5.132616
v 2.198374 49.102367 4.728488
v 4.871295 52.127617 3.491260
v 3.258923 54.829483 3.950233
v 5.044813 54.764034 3.365953
v 2.876495 57.370464 3.289259
v 6.409841 52.453533 1.925146
v 7.803288 52.671085 0.194838
v 8.115425 52.773121 0.135887
v 7.961638 54.864662 1.651353
v 7.394476 52.587688 0.333562
v 7.510660 54.833683 1.973746
v 7.081761 52.426971 0.536783
v 6.512509 50.127190 1.459260
v 6.635451 46.486698 1.090181
v 6.671844 44.575569 0.874294
v 5.163665 42.440300 3.374465
v 5.270318 40.715572 3.344310
v 5.376207 39.009384 3.370879
v 2.387028 39.082344 5.077793
v 5.737220 36.107666 3.819069
v 6.765152 42.626266 0.766981
v 6.925696 52.050732 -2.160079
v 7.206790 52.236622 -2.153734
v 7.150589 53.323681 -4.419041
v 6.476534 53.093937 -4.595160
v 7.004377 56.018211 -5.383740
v 5.005518 50.719128 -4.881609
v 6.772154 50.875866 -2.371572
v 6.985013 50.527195 -0.438461
v 5.954096 58.673534 -5.095773
v 7.154178 58.431286 -4.861935
v 5.892958 55.995598 -5.722091
v 4.714590 53.049541 -5.833952
v 4.368612 55.982216 -6.088320
v 4.437551 58.877640 -5.400278
v 6.204217 46.848606 -2.782117
v 5.386718 46.947479 -4.176505
v 2.902821 50.685524 -5.605296
v 2.759183 52.983791 -5.973413
v 2.499030 55.962864 -6.435777
v 2.373717 59.052193 -5.709628
v 4.358532 61.514900 -3.440969
v 5.994956 60.756989 -3.455273
v 7.240498 60.183392 -3.405480
v 8.060341 57.944481 -4.607796
v 7.709857 55.702141 -5.039209
v 5.383634 44.450287 -4.206432
v 6.800055 46.753128 -1.394104
v 6.807673 44.806019 -1.617180
v 2.929975 47.068172 -5.633093
v 2.928672 44.164345 -5.535709
v 5.420950 43.346756 -4.152865
v 6.967399 42.811340 -1.880804
v 1.171181 62.641678 -3.101944
v 2.482270 62.546768 -2.507109
v 1.710388 61.576366 -3.871448
v 0.000000 59.093777 -5.756043
v 0.000000 56.018997 -6.554274
v 0.000000 53.053108 -6.061171
v 0.000000 50.479214 -5.594779
v 0.000000 46.931686 -5.628851
v 0.000000 43.928123 -5.378767
v 2.949617 43.368202 -5.507189
v 5.458267 42.954182 -4.276417
v -0.103630 61.677086 -4.091754
v -0.103630 62.712082 -3.343886
v 0.000000 43.347363 -5.539063
v 2.974656 43.063519 -5.882914
v 5.437603 40.946819 -4.612042
v 7.153039 40.849701 -1.978187
v 5.484944 39.323849 -4.413651
v 7.431808 39.082932 -1.930199
v 7.813488 36.296867 -1.519886
v 7.618310 36.253380 1.195461
v 5.612862 36.326191 -4.351365
v 3.211162 36.298668 -6.284076
v 0.007403 39.314411 -6.442657
v 3.157924 39.277966 -6.423727
v 0.008145 36.287373 -6.509173
v 3.035059 40.897842 -6.368329
v 0.000000 40.900131 -6.389969
v 0.000000 43.042938 -5.953830
v 6.959432 40.793388 0.749851
v 7.243393 39.088223 0.799668
v 2.776787 36.122700 5.010780
v -0.006010 39.191833 5.509107
v -0.011629 36.178642 5.486228
v -2.399469 39.081959 5.081843
v -2.802500 36.122013 5.016607
v -5.387694 39.009453 3.364743
v -5.762809 36.107853 3.804603
v -7.622104 36.254143 1.175954
v -7.243981 39.088596 0.790592
v -7.804838 36.297745 -1.537079
v -7.425444 39.083420 -1.939090
v -5.600164 36.326599 -4.355917
v -5.477415 39.324074 -4.415972
v -3.151411 39.278038 -6.422976
v -5.434701 40.946899 -4.612848
v -3.035059 40.897842 -6.368329
v -5.458267 42.954182 -4.276417
v -2.974656 43.063519 -5.882914
v -7.151086 40.849838 -1.980558
v -6.967399 42.811344 -1.880804
v -5.420950 43.346756 -4.152866
v -5.383634 44.450287 -4.206432
v 0.000000 53.053108 -6.061171
v 0.000000 50.479214 -5.594779
v -2.902821 50.685516 -5.605295
v -2.929975 47.068172 -5.633093
v 0.000000 46.931686 -5.628851
v -2.928672 44.164345 -5.535709
v 0.000000 43.928123 -5.378767
v 0.000000 43.347363 -5.539063
v -2.949617 43.368202 -5.507189
v 0.000000 43.042938 -5.953830
v 0.000000 40.900131 -6.389969
v 0.007403 39.314411 -6.442657
v -3.202160 36.298782 -6.283140
v 0.008145 36.287373 -6.509173
v -5.386718 46.947479 -4.176505
v -5.005518 50.719128 -4.881609
v -2.759183 52.983791 -5.973413
v 0.000000 56.018997 -6.554274
v -2.499030 55.962864 -6.435777
v 0.000000 59.093777 -5.756043
v -2.373717 59.052193 -5.709628
v -0.103630 61.677086 -4.091754
v -1.917649 61.576366 -3.871447
v -0.103630 62.712082 -3.343886
v -1.378441 62.641674 -3.101944
v -4.358530 61.514900 -3.440969
v -4.437550 58.877640 -5.400277
v -4.368612 55.982216 -6.088319
v -4.714590 53.049541 -5.833952
v -6.476534 53.093937 -4.595160
v -6.925695 52.050732 -2.160079
v -7.206820 52.237682 -2.180236
v -7.165534 53.337547 -4.450758
v -5.905490 56.006714 -5.735215
v -7.030437 56.041092 -5.405070
v -7.185270 58.457825 -4.867959
v -8.104669 57.982021 -4.608970
v -5.961943 58.680328 -5.099650
v -8.303497 59.636105 -3.302912
v -7.248864 60.190258 -3.400055
v -5.994953 60.756992 -3.455273
v -7.581234 52.332043 -2.225552
v -7.663570 53.268055 -4.312661
v -7.765640 55.750984 -5.082077
v -2.689529 62.546772 -2.507109
v -4.417647 61.108669 -1.286175
v -5.986711 60.728859 -1.391519
v -7.296539 60.327686 -1.419880
v -8.363179 59.721195 -1.499646
v -8.783823 59.045753 -3.260598
v -8.591752 57.621532 -4.398767
v -8.268287 55.449177 -4.896384
v -8.126629 53.119698 -4.296638
v -8.128472 52.364513 -2.187321
v -8.803181 59.103397 -1.572250
v -3.317222 62.118328 -1.565720
v -8.082173 52.747562 0.070172
v -7.786854 52.658516 0.160491
v -8.318100 54.834450 1.407601
v -8.731500 58.439770 -0.079423
v -8.372414 58.924019 0.211269
v -8.803181 59.103397 -1.572250
v -8.363179 59.721195 -1.499646
v -7.296539 60.327686 -1.419880
v -7.258445 59.260120 0.483264
v -6.107013 59.446102 0.685941
v -7.347960 57.399384 1.750627
v -8.236468 57.381721 1.346787
v -8.614010 57.233986 1.024907
v -7.929334 54.838310 1.626307
v -7.486405 54.813953 1.953559
v -7.384669 52.580223 0.312326
v -5.986711 60.728859 -1.391519
v -4.417647 61.108669 -1.286175
v -4.479103 59.722481 1.180409
v -3.313112 61.367752 -0.280673
v -3.075535 60.250023 1.139029
v -3.317222 62.118328 -1.565720
v -2.894091 62.371586 0.428117
v -2.787327 63.107388 -0.847690
v -2.317881 63.636906 -1.820034
v -2.689529 62.546772 -2.507109
v -1.253309 63.942493 -2.469494
v -1.378441 62.641674 -3.101944
v -0.103630 64.062241 -2.740897
v -0.103630 62.712082 -3.343886
v -11.133334 50.130566 -1.824642
v -12.580827 48.423512 -1.682547
v -11.178370 50.250984 -3.893693
v -8.910866 51.774834 -1.985363
v -8.128472 52.364513 -2.187321
v -8.126629 53.119698 -4.296638
v -9.104983 51.983021 -4.181913
v -10.133660 53.272266 -4.704448
v -11.943083 51.201130 -4.697060
v -11.197412 54.704979 -4.417804
v -13.149738 52.505508 -4.463952
v -13.917691 52.990128 -3.497003
v -11.771996 55.403751 -3.331658
v -14.006159 52.995251 -1.826243
v -11.908808 55.404785 -1.712254
v -13.594371 52.629280 -0.526889
v -11.631034 55.070721 -0.314865
v -10.969987 54.441124 0.402653
v -8.731500 58.439770 -0.079423
v -8.614010 57.233986 1.024907
v -12.951816 52.062340 0.136448
v -8.268287 55.449177 -4.896384
v -8.591752 57.621532 -4.398767
v -8.783823 59.045753 -3.260598
v -8.803181 59.103397 -1.572250
v -15.238468 50.728451 -0.678695
v -14.167102 49.822342 0.046983
v -12.420359 51.555008 0.272880
v -10.239492 53.570343 0.624875
v -8.318100 54.834450 1.407601
v -8.082173 52.747562 0.070172
v -9.243975 52.106472 -0.176601
v -8.910866 51.774834 -1.985363
v -11.507566 50.579235 -0.331294
v -11.133334 50.130566 -1.824642
v -12.580827 48.423512 -1.682547
v -13.212381 48.921303 -0.272145
v -13.714596 46.972168 -1.684071
v -14.381365 47.505871 -0.265825
v -15.783545 46.028858 -0.321357
v -15.544233 48.477917 -0.023224
v -8.128472 52.364513 -2.187321
v -14.937989 45.530895 -1.666293
v -16.671801 43.503300 -1.807864
v -17.401201 44.106239 -0.334907
v -17.067066 46.851612 -0.050093
v -18.610273 45.253502 -0.038189
v -20.928801 42.484741 -0.134454
v -19.751232 41.355972 -0.336700
v -22.932152 39.935974 0.087474
v -21.603914 38.842724 -0.473352
v -19.152132 40.710270 -1.945697
v -21.193398 38.429630 -2.010247
v -17.992325 47.588520 -0.637111
v -19.400852 45.992455 -0.549164
v -21.853970 43.193390 -0.621954
v -23.938883 40.643261 -0.588270
v -24.269314 40.820896 -1.379375
v -22.226387 43.562840 -2.213560
v -24.458076 40.872669 -2.213460
v -22.048483 43.548294 -3.368516
v -24.376331 40.736950 -3.319962
v -21.073782 42.744907 -4.600149
v -23.499540 40.140205 -4.564010
v -22.055984 38.981426 -4.230186
v -19.898539 41.414234 -4.426975
v -15.557565 51.183784 -1.963399
v -16.507017 49.213634 -0.711027
v -18.628624 48.095116 -2.016703
v -19.906200 46.482903 -2.103010
v -19.594896 46.337200 -3.511090
v -18.530197 45.498104 -4.706971
v -17.334810 44.238400 -4.626225
v -16.775789 43.696190 -3.440730
v -14.997375 45.560703 -3.540190
v -15.908217 46.127281 -4.698466
v -14.516985 47.799786 -4.671896
v -17.349508 47.142853 -4.676589
v -18.412460 47.938026 -3.514441
v -13.687469 47.019829 -3.632954
v -12.796506 48.390659 -3.779066
v -13.513103 49.300476 -4.640927
v -15.958220 49.006798 -4.649360
v -14.756853 50.580482 -4.558879
v -16.749174 49.531315 -3.587354
v -15.447720 51.094585 -3.508851
v -16.952892 49.680676 -2.016643
v -19.343565 40.788670 -3.306148
v -16.671801 43.503300 -1.807864
v -14.937989 45.530895 -1.666293
v -13.714596 46.972168 -1.684071
v -21.193398 38.429630 -2.010247
v -19.152132 40.710270 -1.945697
v -22.211098 40.231457 -0.887423
v -21.685789 40.444843 -1.928307
v -21.881285 40.706909 -0.849765
v -21.603914 38.842724 -0.473352
v -21.881285 40.706909 -0.849765
v -21.685789 40.444843 -1.928307
v -21.193398 38.429630 -2.010247
v -23.938883 40.643261 -0.588270
v -22.919973 41.313004 -0.796791
v -21.881285 40.706909 -0.849765
v -22.932152 39.935974 0.087474
v -21.603914 38.842724 -0.473352
v -24.376331 40.736950 -3.319962
v -23.499540 40.140205 -4.564010
v -22.707821 41.020161 -3.667687
v -23.348080 41.528267 -2.982485
v -24.458076 40.872669 -2.213460
v -23.305540 41.631054 -2.048358
v -24.269314 40.820896 -1.379375
v -23.270523 41.532085 -1.401718
v -22.919973 41.313004 -0.796791
v -23.938883 40.643261 -0.588270
v -24.240784 35.236767 -3.562829
v -24.356001 35.005653 -3.645551
v -24.312254 35.278347 -3.909697
v -24.508938 34.948601 -3.344594
v 6.358316 0.000872 1.496252
v 6.425117 0.384315 2.538763
v 6.762802 -0.011683 5.876784
v 6.389113 0.954905 6.615322
v 5.090696 1.245120 7.490933
v 6.451728 0.257949 6.844643
v 6.798781 0.481101 4.984788
v 6.611444 0.564447 4.962442
v 6.244321 1.034948 6.424646
v 6.204195 1.742242 6.206079
v 5.013846 1.342474 7.290411
v 5.017068 2.109375 7.079812
v 3.694070 1.376722 7.409059
v 3.676281 2.135758 7.187077
v 2.555943 1.081838 6.598936
v 2.622759 1.786442 6.379051
v 2.227921 0.556939 5.020053
v 2.484384 2.060986 4.651938
v 2.210946 3.573904 1.489052
v 3.692886 1.274453 7.587210
v 2.404752 1.010994 6.716920
v 6.240246 2.084461 4.275182
v 6.076126 2.164440 5.571584
v 4.952027 2.654017 6.380792
v 3.656772 2.659239 6.476434
v 2.688126 2.219285 5.742918
v 3.443194 2.470735 4.679024
v 3.918100 3.384952 2.414769
v 4.921189 2.579939 4.676301
v 5.147542 3.281510 0.915700
v 5.930954 1.095674 1.525495
v 6.101771 0.477777 2.503627
v 6.044865 0.996910 1.517609
v 3.372112 1.093324 -4.240612
v 3.349074 1.080042 -4.375306
v 2.188771 1.057380 -3.942233
v 2.234007 1.090277 -3.782960
v 1.470972 1.074424 -2.967473
v 1.645470 1.084631 -2.882622
v 1.879349 0.698375 -0.408522
v 1.862975 2.988096 -1.023074
v 2.082615 0.752968 1.164497
v 2.002234 0.759288 2.002963
v 1.940560 0.565665 4.968400
v 2.367568 0.249603 6.972834
v 3.650370 0.555019 7.873573
v 5.168248 0.555884 7.758500
v 3.181989 3.019500 -3.974678
v 1.709472 2.930096 -3.055333
v 1.948867 -0.012872 5.915287
v 1.828716 -0.000120 2.036379
v 1.862296 0.790217 2.001460
v -7.487045 36.122925 -1.389428
v -5.147785 36.611507 -3.976932
v -7.206045 36.602951 -1.351983
v -22.055984 38.981426 -4.230186
v -21.193398 38.429630 -2.010247
v -21.685789 40.444843 -1.928307
v -21.969685 40.415356 -2.889782
v -23.499540 40.140205 -4.564010
v -22.707821 41.020161 -3.667687
v -2.150028 -0.001512 -3.899959
v -1.451076 -0.001941 -2.930634
v -1.548010 -0.001772 -1.439906
v -3.296521 -0.000736 -4.358324
v -4.549613 0.000160 -4.168228
v -5.331157 0.000762 -3.411856
v -5.697286 0.001197 -0.784566
v -1.891087 -0.001459 -0.384970
v -1.886582 0.697640 -0.393977
v -1.891087 -0.001459 -0.384970
v -1.548010 -0.001772 -1.439906
v -1.451076 -0.001941 -2.930634
v -1.450806 1.073959 -2.948366
v 3.331108 -0.001365 -4.357502
v 2.179798 -0.001540 -3.911373
v 1.470564 -0.001473 -2.949548
v 1.551616 -0.001074 -1.457872
v 1.883439 -0.000724 -0.399343
v -1.891087 -0.001459 -0.384970
v -1.886582 0.697640 -0.393977
v -5.696782 0.700381 -0.784580
v -5.697286 0.001197 -0.784566
v 0.054794 31.623911 0.128708
v 0.000406 31.602093 0.115178
v 0.018805 31.824970 -4.570048
v 0.564178 31.783573 -4.578201
v -0.529016 31.783369 -4.564536
v 0.018805 31.824970 -4.570048
v 0.000406 31.602093 0.115178
v -0.054101 31.623518 0.138315
v 0.054794 31.623911 0.128708
v 0.450158 31.728550 3.842631
v -0.011444 31.709307 3.870937
v 0.000406 31.602093 0.115178
v -0.477153 31.727041 3.867232
v -0.054101 31.623518 0.138315
v 7.176409 6.136958 -1.420681
v 5.645578 2.358488 -0.935218
v 5.469795 4.946434 -4.683740
v 5.898247 4.120920 1.236567
v 6.704189 6.719042 0.687894
v 5.664316 2.909735 1.389418
v 4.526803 3.319283 3.083621
v 4.960027 1.976395 -3.871467
v 3.366291 2.204313 -4.362700
v 3.053926 5.116958 -4.890252
v 3.016974 10.781682 -5.238706
v 5.703940 9.845195 -4.694003
v 6.988832 8.934798 -1.534640
v 6.766098 9.349680 0.472721
v 4.048820 6.542216 2.026808
v 4.454790 3.851117 2.744372
v 2.138169 3.194690 2.376821
v 2.183394 4.447371 1.895134
v 1.657517 2.623403 -1.077192
v 1.110098 3.669819 -1.073751
v 1.145600 5.226521 -1.322454
v 6.124982 13.757671 0.661370
v 2.205642 18.040873 1.927020
v 2.160372 13.775742 1.720384
v 3.765598 18.005798 2.185010
v 3.791558 13.682346 1.817239
v 5.983850 18.159149 1.122905
v 4.132843 9.710577 1.615906
v 2.127082 9.776780 1.621253
v 2.325676 5.977781 2.040189
v 0.735889 9.794237 -0.859097
v 0.962463 13.889108 -0.759147
v 1.200930 18.497478 -0.581101
v 3.795888 20.113840 2.811148
v 6.007574 20.273966 1.630991
v 1.664623 2.475831 -3.381291
v 1.152272 5.315499 -3.693554
v 0.937181 10.668502 -4.057333
v 0.735889 9.794237 -0.859097
v 1.145600 5.226521 -1.322454
v 1.110098 3.669819 -1.073751
v 1.657517 2.623403 -1.077192
v 2.138169 3.194690 2.376821
v 1.657517 2.623403 -1.077192
v 1.862975 2.988096 -1.023074
v 2.210946 3.573904 1.489052
v 1.664623 2.475831 -3.381291
v 1.709472 2.930096 -3.055333
v 1.862975 2.988096 -1.023074
v 1.657517 2.623403 -1.077192
v 3.366291 2.204313 -4.362700
v 4.960027 1.976395 -3.871467
v 4.858486 3.056143 -3.711180
v 3.181989 3.019500 -3.974678
v 1.664623 2.475831 -3.381291
v 1.709472 2.930096 -3.055333
v 4.526803 3.319283 3.083621
v 2.138169 3.194690 2.376821
v 2.210946 3.573904 1.489052
v 3.918100 3.384952 2.414769
v 5.664316 2.909735 1.389418
v 5.147542 3.281510 0.915700
v 5.645578 2.358488 -0.935218
v 5.506460 3.063627 -0.863268
v 4.960027 1.976395 -3.871467
v 4.858486 3.056143 -3.711180
v 5.487688 1.094989 -0.763611
v 5.693913 0.992366 -0.758635
v 5.069577 1.093929 -3.442419
v 5.354728 1.068821 -3.480184
v 4.585903 1.090967 -4.165472
v 4.514187 1.093681 -4.043228
v 4.858486 3.056143 -3.711180
v 5.506460 3.063627 -0.863268
v 3.372112 1.093324 -4.240612
v 3.181989 3.019500 -3.974678
v 3.349074 1.080042 -4.375306
v 3.331108 -0.001365 -4.357502
v 4.582105 -0.001002 -4.154071
v 5.355549 -0.000617 -3.389419
v 5.693676 0.000135 -0.758380
v 5.693491 0.699319 -0.758524
v 5.971239 0.683562 0.538861
v 6.358316 0.000872 1.496252
v -6.635451 46.486698 1.090181
v -6.671844 44.575569 0.874294
v -5.216454 44.373291 3.393711
v -2.390155 40.674522 5.193112
v -5.163665 42.440300 3.374465
v -6.765152 42.626266 0.766981
v -6.959540 40.793533 0.746405
v -5.276031 40.715595 3.341429
v 9.291331 52.143101 -0.088715
v 8.918196 51.776600 -1.871650
v 11.146093 50.137749 -1.732147
v 8.129145 52.361778 -2.102528
v 8.115425 52.773121 0.135887
v 8.379109 54.884403 1.450186
v 11.675674 55.109528 -0.341702
v 8.772427 58.475243 -0.101367
v 8.677017 57.287186 1.027431
v 11.033814 54.494995 0.405681
v 10.310281 53.628654 0.664970
v 11.557487 50.618633 -0.258728
v 13.265340 48.963566 -0.207319
v 12.598873 48.435177 -1.590257
v 14.435887 47.549446 -0.200314
v 13.734064 46.984955 -1.589429
v 14.959330 45.545277 -1.571801
v 15.838070 46.072590 -0.259725
v 17.127018 46.901894 -0.038797
v 15.603305 48.527309 -0.008174
v 16.547422 49.248791 -0.735785
v 14.226707 49.871941 0.068108
v 15.278195 50.763027 -0.703764
v 13.011255 52.112461 0.140338
v 12.484065 51.607796 0.301048
v 13.636081 52.665501 -0.551081
v 14.014347 53.003807 -1.868008
v 11.917523 55.413727 -1.752526
v 13.883574 52.962765 -3.535492
v 11.739718 55.377838 -3.367546
v 13.091974 52.456966 -4.472046
v 14.698591 50.531487 -4.566425
v 13.454774 49.249130 -4.589447
v 14.459439 47.748840 -4.613699
v 13.657499 46.990768 -3.537573
v 15.851653 46.077164 -4.639694
v 14.971169 45.534912 -3.446811
v 16.753881 43.674236 -3.352550
v 17.281998 44.191284 -4.563193
v 11.881441 51.147015 -4.646463
v 17.291758 47.094002 -4.676152
v 12.761395 48.357498 -3.690387
v 11.138530 50.213772 -3.803782
v 14.959330 45.545277 -1.571801
v 13.734064 46.984955 -1.589429
v 12.598873 48.435177 -1.590257
v 11.146093 50.137749 -1.732147
v 9.056325 51.937752 -4.076377
v 10.069803 53.216225 -4.652343
v 11.138674 54.655525 -4.423545
v 8.543547 57.580849 -4.400846
v 8.756558 59.023891 -3.291462
v 8.810602 59.111023 -1.606914
v 8.918196 51.776600 -1.871650
v 8.129145 52.361778 -2.102528
v 8.073942 53.071011 -4.190587
v 8.197423 55.387177 -4.843518
v 1.879349 0.698375 -0.408522
v 5.693491 0.699319 -0.758524
v 5.971239 0.683562 0.538861
v 2.082615 0.752968 1.164497
v 6.358316 0.000872 1.496252
v 1.828716 -0.000120 2.036379
v 6.762802 -0.011683 5.876784
v 1.948867 -0.012872 5.915287
v 6.451728 0.257949 6.844643
v 2.367568 0.249603 6.972834
v 5.168248 0.555884 7.758500
v 3.650370 0.555019 7.873573
v 7.628314 53.235336 -4.238241
v 7.581001 52.329239 -2.158755
v 3.109963 62.118328 -1.565720
v 4.417650 61.108669 -1.286175
v 5.986714 60.728859 -1.391519
v 7.299753 60.330704 -1.427639
v 8.280615 59.617725 -3.328117
v 8.756558 59.023891 -3.291462
v 8.543547 57.580849 -4.400846
v 8.197423 55.387177 -4.843518
v 8.073942 53.071011 -4.190587
v 8.129145 52.361778 -2.102528
v 8.368690 59.726753 -1.522692
v 8.810602 59.111023 -1.606914
v 8.379109 54.884403 1.450186
v 8.677017 57.287186 1.027431
v 8.286418 57.423740 1.352711
v 7.388780 57.433361 1.764659
v 8.772427 58.475243 -0.101367
v 8.810602 59.111023 -1.606914
v 8.368690 59.726753 -1.522692
v 8.406770 58.953724 0.194633
v 7.281432 59.279629 0.481463
v 6.459214 57.431648 2.135836
v 6.708843 54.771549 2.421709
v 4.891925 57.401230 2.715344
v 4.479105 59.722481 1.180408
v 2.152322 59.628677 2.108201
v 2.868276 60.250023 1.139029
v 1.345772 60.699883 2.952827
v 2.285797 61.491066 1.840445
v 6.119313 59.456348 0.689832
v 7.299753 60.330704 -1.427639
v 5.986714 60.728859 -1.391519
v 4.417650 61.108669 -1.286175
v 3.105854 61.367764 -0.280673
v 3.109963 62.118328 -1.565720
v 2.686831 62.371578 0.428117
v 2.580066 63.107368 -0.847690
v 2.482270 62.546768 -2.507109
v 1.533045 54.870861 4.308578
v 1.299072 57.394398 3.628660
v 1.535310 58.946026 3.030675
v 1.159770 59.197868 3.279082
v 1.044695 60.791428 2.859791
v 1.935900 61.593685 1.768577
v 2.369347 62.382275 0.425460
v 2.352749 63.106354 -0.790514
v 2.110620 63.636906 -1.820034
v 1.171181 62.641678 -3.101944
v 1.046049 63.942486 -2.469494
v -0.103630 62.712082 -3.343886
v -0.103630 64.062241 -2.740897
v 0.792865 59.319397 3.185260
v 0.292503 57.394295 3.791188
v 0.000000 57.245289 3.491617
v 0.601487 59.267654 2.975093
v 0.976673 59.901443 2.488199
v 1.883439 -0.000724 -0.399343
v 1.551616 -0.001074 -1.457872
v 1.470564 -0.001473 -2.949548
v 5.693676 0.000135 -0.758380
v 5.355549 -0.000617 -3.389419
v 4.582105 -0.001002 -4.154071
v 3.331108 -0.001365 -4.357502
v 2.179798 -0.001540 -3.911373
v 5.693676 0.000135 -0.758380
v 5.693491 0.699319 -0.758524
v 1.879349 0.698375 -0.408522
v 1.883439 -0.000724 -0.399343
v 15.415198 51.068497 -3.545516
v 16.716215 49.504841 -3.623481
v 15.899261 48.957092 -4.653596
v 15.564059 51.190926 -2.005612
v 16.959482 49.688023 -2.062002
v 18.036173 47.626698 -0.664752
v 18.636669 48.104031 -2.070581
v 18.382816 47.914680 -3.558644
v 18.473366 45.449821 -4.701210
v 19.566975 46.315144 -3.550976
v 19.913683 46.491249 -2.154691
v 19.448488 46.033894 -0.578373
v 18.672043 45.305508 -0.031789
v 17.457285 44.151279 -0.273090
v 16.691551 43.516350 -1.713813
v 19.171110 40.722786 -1.854617
v 19.809984 41.403286 -0.275542
v 21.212957 38.442738 -1.922027
v 21.661768 38.889015 -0.405244
v 20.990877 42.536980 -0.127466
v 21.902498 43.235668 -0.653350
v 23.002419 39.994991 0.098155
v 23.990808 40.688339 -0.617910
v 22.233997 43.571144 -2.261444
v 22.026896 43.531693 -3.410939
v 21.022312 42.701370 -4.599955
v 19.853514 41.373878 -4.368548
v 19.327906 40.772114 -3.220855
v 19.171110 40.722786 -1.854617
v 16.691551 43.516350 -1.713813
v 24.300861 40.849194 -1.420766
v 24.468361 40.883194 -2.260290
v 24.358776 40.723705 -3.361200
v 23.451488 40.099785 -4.569534
v 22.018316 38.947395 -4.174448
v 21.212957 38.442738 -1.922027
v 7.215382 36.602055 -1.334709
v 7.495015 36.122112 -1.373605
v 7.356421 36.174225 1.120594
v 6.773509 36.360672 1.152072
v 5.495883 35.951431 3.389525
v 7.618310 36.253380 1.195461
v 5.737220 36.107666 3.819069
v 7.813488 36.296867 -1.519886
v 5.612862 36.326191 -4.351365
v 5.339557 36.136158 -4.092620
v 3.211162 36.298668 -6.284076
v 3.139853 36.135563 -6.021317
v 0.008145 36.287373 -6.509173
v 0.007516 36.136520 -6.204067
v 0.006669 38.340244 -6.019564
v 2.798058 38.202003 -5.840312
v 5.176284 38.030888 -4.160548
v 0.006669 38.340244 -6.019564
v -2.789251 38.202084 -5.838731
v 0.007516 36.136520 -6.204067
v -3.131069 36.135674 -6.020275
v -5.162827 38.031277 -4.164164
v -5.326973 36.136543 -4.096656
v -7.487045 36.122925 -1.389428
v -7.804838 36.297745 -1.537079
v -7.622104 36.254143 1.175954
v -7.360332 36.175056 1.100028
v -5.762809 36.107853 3.804603
v -5.519156 35.951599 3.376395
v -2.802500 36.122013 5.016607
v -2.513105 36.067646 4.394380
v -0.011629 36.178642 5.486228
v -0.007818 36.036797 4.754785
v 2.776787 36.122700 5.010780
v 2.490963 36.068340 4.386967
v -6.778030 36.361408 1.132988
v -5.485262 36.597977 3.022546
v -7.206045 36.602951 -1.351983
v -3.202160 36.298782 -6.283140
v 0.008145 36.287373 -6.509173
v -5.600164 36.326599 -4.355917
v 0.792865 59.319397 3.185260
v 1.044695 60.791428 2.859791
v 0.976673 59.901443 2.488199
v 1.046049 63.942486 -2.469494
v -0.103630 64.062241 -2.740897
v -0.103630 62.419609 -2.462432
v 1.428601 62.338383 -1.832818
v 2.110620 63.636906 -1.820034
v 1.936765 62.056042 -1.080199
v 2.352749 63.106354 -0.790514
v 1.921834 61.425102 -0.020665
v 2.369347 62.382275 0.425460
v 1.935900 61.593685 1.768577
v 1.675716 60.521580 1.369013
v 0.976673 59.901443 2.488199
v -0.622193 59.267662 2.975093
v -1.183933 59.901443 2.488199
v -1.251955 60.791424 2.859792
v -1.558138 62.338375 -1.832818
v -0.103630 62.419609 -2.462432
v -0.103630 64.062241 -2.740897
v -1.253309 63.942493 -2.469494
v -2.317881 63.636906 -1.820034
v -2.560009 63.106342 -0.790514
v -2.066302 62.056042 -1.080199
v -2.576607 62.382282 0.425460
v -2.051371 61.425106 -0.020666
v -1.882976 60.521580 1.369013
v -2.143160 61.593681 1.768577
v -1.183933 59.901443 2.488199
v 7.495015 36.122112 -1.373605
v 7.215382 36.602055 -1.334709
v 5.176284 38.030888 -4.160548
v 25.651646 34.534954 -1.529857
v 25.723087 34.103703 -1.356635
v 25.428942 34.222496 -1.314805
v 25.354477 34.462254 -1.323530
v 25.693789 35.288376 -1.471464
v 25.407648 35.187927 -1.290542
v 25.773544 36.324112 -1.495591
v 25.407690 36.207355 -1.335621
v 25.614632 36.964645 -1.647483
v 25.213821 36.950897 -1.373285
v 25.723087 34.103703 -1.356635
v 25.757275 34.053471 -1.052978
v 25.467739 34.174286 -1.053371
v 25.428942 34.222496 -1.314805
v 25.901684 34.361206 -0.998323
v 25.757275 34.053471 -1.052978
v 25.723087 34.103703 -1.356635
v 25.889791 34.422306 -1.359022
v 25.965052 35.038647 -0.937430
v 25.938183 35.126991 -1.332680
v 25.651646 34.534954 -1.529857
v 25.693789 35.288376 -1.471464
v 25.579592 34.400497 -0.893796
v 25.467739 34.174286 -1.053371
v 25.699615 35.163658 -0.784040
v 25.982435 35.282993 -0.916762
v 25.961926 35.347279 -1.324349
v 26.034489 36.217312 -1.319518
v 25.773544 36.324112 -1.495591
v 26.113565 36.494915 -1.310449
v 25.937727 37.387913 -1.402014
v 25.929598 37.288822 -0.847533
v 25.789288 37.818893 -0.855189
v 25.425690 37.583942 -0.702186
v 24.827763 38.210236 -0.648412
v 25.614632 36.964645 -1.647483
v 25.777510 36.276672 -0.707613
v 26.048710 36.160332 -0.865828
v 26.100277 36.476570 -0.886969
v 25.608871 37.086147 -0.683065
v 25.858955 37.470867 -1.895705
v 26.010302 36.314899 -1.866885
v 25.840296 37.953991 -1.402684
v 25.228123 38.661644 -0.757997
v 24.369473 38.810925 -0.514453
v 24.303404 38.548916 -0.626815
v 23.814312 38.746098 -0.167851
v 24.046831 38.443447 -0.623410
v 23.536879 38.274746 -0.464482
v 23.616880 38.078892 0.047219
v 23.476463 37.813583 -0.141030
v 23.571411 37.475029 -0.022977
v 23.677555 37.533169 0.183171
v 23.687906 37.004940 0.006302
v 23.808300 37.083134 0.256604
v 23.624296 36.355778 0.145044
v 24.089220 39.611374 -0.532052
v 23.518898 37.075886 0.678855
v 23.217930 36.997707 0.663410
v 23.623203 36.521275 0.766597
v 23.790707 36.555397 0.650216
v 23.717249 37.113140 0.517258
v 23.898983 36.506134 0.348882
v 23.566442 37.573895 0.477112
v 23.527031 38.145611 0.351855
v 23.512804 38.871517 0.137227
v 23.551579 39.582962 -0.200254
v 23.428566 40.780079 -0.818755
v 23.060555 39.810814 -0.149162
v 22.783175 40.540939 -0.737469
v 22.613483 39.682728 -0.152857
v 23.124727 38.889843 0.375305
v 22.695889 38.814945 0.347311
v 23.187023 38.484386 0.489903
v 22.774733 38.397648 0.449639
v 23.284382 38.013531 0.564816
v 22.944216 37.886948 0.575319
v 23.376791 37.563896 0.668826
v 23.052759 37.466774 0.680575
v 24.506380 39.803551 -1.130666
v 23.767717 40.931454 -1.367804
v 22.966103 41.352730 -0.814827
v 22.256516 40.268982 -0.864251
v 22.191566 39.455509 -0.521358
v 22.354433 38.592541 -0.037676
v 22.513685 38.227810 0.083389
v 22.699852 37.748135 0.267313
v 22.833008 37.333378 0.411129
v 21.927166 40.744884 -0.828437
v 21.704729 40.459599 -1.895812
v 22.747648 37.715210 -0.096880
v 22.506149 38.098598 -0.333503
v 22.299292 38.510918 -0.611635
v 22.128744 38.915436 -0.950083
v 22.367813 38.536446 -1.121818
v 22.768066 38.097610 -0.567704
v 23.590866 36.047478 0.448945
v 23.814047 36.135395 0.582152
v 23.695112 36.138783 0.816468
v 23.382132 36.439461 0.745017
v 22.963831 36.885387 0.469196
v 22.947853 37.312706 0.025922
v 23.031441 37.718956 -0.207913
v 23.536879 38.274746 -0.464482
v 23.577194 38.280125 -1.284134
v 23.456495 36.044247 0.796298
v 23.157011 36.342865 0.528689
v 23.047390 36.803555 -0.049968
v 23.190460 37.340549 -0.149347
v 23.255230 36.025890 0.623068
v 23.199495 36.321976 0.139043
v 23.334286 36.901001 -0.099934
v 23.338255 36.011166 0.368192
v 23.624296 36.355778 0.145044
v 23.687906 37.004940 0.006302
v 23.571411 37.475029 -0.022977
v 23.476463 37.813583 -0.141030
v 23.590866 36.047478 0.448945
v 25.952724 36.060165 -2.231448
v 25.877384 35.216976 -2.251891
v 25.591162 35.205311 -2.573492
v 25.802889 34.872028 -2.261377
v 25.843056 35.097988 -1.905231
v 25.781874 34.845947 -1.902685
v 25.991592 35.971222 -1.885925
v 25.993660 36.402061 -2.227099
v 25.071701 35.570068 -3.688935
v 25.034176 35.546535 -3.327033
v 24.650965 35.027725 -3.580701
v 24.498028 34.936264 -3.265125
v 25.416233 35.257233 -3.029486
v 25.007584 34.618946 -2.970257
v 25.013330 34.307796 -2.487006
v 25.546051 34.184856 -2.188966
v 25.547142 34.140034 -1.896959
v 25.312500 34.238686 -1.847448
v 25.541857 34.970413 -1.815427
v 25.686123 35.832680 -1.790114
v 25.659855 36.226772 -1.711417
v 25.837568 37.470387 -2.234964
v 25.775751 36.511749 -2.671965
v 25.692703 36.161366 -2.639049
v 25.523897 35.549656 -3.012077
v 25.625977 36.210804 -3.025423
v 24.778189 36.090965 -3.924966
v 24.600790 35.756489 -3.896784
v 24.543581 35.624325 -3.561110
v 24.910521 35.790890 -3.929492
v 24.815086 35.654556 -3.896249
v 25.200172 35.778255 -3.724896
v 25.354383 36.357246 -3.376134
v 25.698904 36.518414 -3.058287
v 25.747221 37.488590 -2.739435
v 25.820816 37.968845 -2.108392
v 25.311695 38.791466 -1.376757
v 25.581537 37.431393 -3.204684
v 25.461828 36.646263 -3.425799
v 24.632282 39.811775 -2.110499
v 25.311455 38.811375 -2.136883
v 25.714046 37.928566 -2.783032
v 25.525661 37.892017 -3.306080
v 25.418730 37.377815 -3.532530
v 25.393101 36.616787 -3.772616
v 25.317598 36.306717 -3.760921
v 25.152895 36.351902 -3.984619
v 24.886461 36.563625 -3.959014
v 25.293457 37.288155 -3.827366
v 25.180880 37.805176 -3.813032
v 25.181036 38.754894 -2.859861
v 24.902609 38.604862 -3.566853
v 24.878555 37.731487 -4.027718
v 24.980629 37.230587 -4.044543
v 25.177528 36.656109 -4.009341
v 24.449553 38.512650 -4.005026
v 24.679226 36.061680 -3.628736
v 24.774128 36.471722 -3.697869
v 24.760080 37.090134 -3.787364
v 24.487116 37.612125 -3.825195
v 24.002878 38.287338 -3.878093
v 21.964207 40.409691 -2.863325
v 22.214144 39.831779 -2.833312
v 21.704729 40.459599 -1.895812
v 22.681629 40.998203 -3.672484
v 22.838888 39.974438 -3.709089
v 22.715984 38.866169 -2.757582
v 23.376919 39.056423 -3.869559
v 23.958458 38.052486 -3.078835
v 24.499615 37.492756 -3.109314
v 24.867950 37.030537 -3.133971
v 24.954178 36.463070 -3.266403
v 24.844900 35.955830 -3.249543
v 24.652550 35.434116 -3.236371
v 25.040157 36.360046 -2.878507
v 24.970253 35.838123 -2.838544
v 23.308462 38.455906 -2.099471
v 22.371601 38.754120 -1.871770
v 24.103846 37.925896 -2.359880
v 24.672714 37.399979 -2.406762
v 25.148018 36.992260 -2.460299
v 25.271511 36.291321 -2.444869
v 25.219252 35.769508 -2.395852
v 25.042051 35.065292 -2.389791
v 24.794804 35.267197 -2.760568
v 25.400347 36.201515 -1.911412
v 25.326204 35.734913 -1.912521
v 25.265076 35.005711 -1.964830
v 25.058901 34.274132 -1.945637
v 25.013330 34.307796 -2.487006
v 24.650000 34.626030 -2.764706
v 24.498028 34.936264 -3.265125
v 24.224066 35.219490 -3.482616
v 24.286671 35.253666 -3.831995
v 24.406126 35.126553 -3.739281
v 24.498028 34.936264 -3.265125
v 24.337442 34.986736 -3.563261
v 25.312500 34.238686 -1.847448
v 25.541857 34.970413 -1.815427
v 25.686123 35.832680 -1.790114
v 25.659855 36.226772 -1.711417
v 25.247950 36.938221 -1.802186
v 25.614632 36.964645 -1.647483
v 25.213821 36.950897 -1.373285
v 24.889650 37.350079 -1.509127
v 25.354477 34.462254 -1.323530
v 25.428942 34.222496 -1.314805
v 25.467739 34.174286 -1.053371
v 25.367588 34.439285 -1.000416
v 25.407648 35.187927 -1.290542
v 25.425352 35.176399 -0.964802
v 25.407690 36.207355 -1.335621
v 25.476070 36.239761 -0.890051
v 25.296911 36.963829 -0.877651
v 25.079332 37.370667 -0.840087
v 24.398632 37.877735 -1.400896
v 24.656059 37.962482 -0.700084
v 23.577194 38.280125 -1.284134
v 24.046831 38.443447 -0.623410
v 23.536879 38.274746 -0.464482
v 24.827763 38.210236 -0.648412
v 24.303404 38.548916 -0.626815
v 25.425690 37.583942 -0.702186
v 25.608871 37.086147 -0.683065
v 25.777510 36.276672 -0.707613
v 25.699615 35.163658 -0.784040
v 25.579592 34.400497 -0.893796
v 22.029121 39.635281 -1.841833
v 22.256516 40.268982 -0.864251
v 22.191566 39.455509 -0.521358
v 22.128744 38.915436 -0.950083
v 22.367813 38.536446 -1.121818
v 25.007584 34.618946 -2.970257
v 24.650000 34.626030 -2.764706
v 24.498028 34.936264 -3.265125
v 25.013330 34.307796 -2.487006
v 25.013330 34.307796 -2.487006
v 25.212399 34.125046 -2.070775
v 25.058901 34.274132 -1.945637
v 25.312500 34.238686 -1.847448
v 25.547142 34.140034 -1.896959
v 21.964207 40.409691 -2.863325
v 21.704729 40.459599 -1.895812
v 21.212957 38.442738 -1.922027
v 22.018316 38.947395 -4.174448
v 22.681629 40.998203 -3.672484
v 23.451488 40.099785 -4.569534
v 23.338404 41.521347 -3.014789
v 24.358776 40.723705 -3.361200
v 23.319426 41.644119 -2.082300
v 24.468361 40.883194 -2.260290
v 23.300932 41.559021 -1.433007
v 24.300861 40.849194 -1.420766
v 23.990808 40.688339 -0.617910
v 22.966103 41.352730 -0.814827
v 23.002419 39.994991 0.098155
v 21.927166 40.744884 -0.828437
v 21.661768 38.889015 -0.405244
v 21.212957 38.442738 -1.922027
v 21.704729 40.459599 -1.895812
v 25.546051 34.184856 -2.188966
v 25.212399 34.125046 -2.070775
v 25.013330 34.307796 -2.487006
v 25.547142 34.140034 -1.896959
v 24.224066 35.219490 -3.482616
v 24.337442 34.986736 -3.563261
v 24.498028 34.936264 -3.265125
v 24.286671 35.253666 -3.831995
v 23.300932 41.559021 -1.433007
v 23.902800 40.916245 -2.137873
v 23.319426 41.644119 -2.082300
v 23.837740 40.802971 -2.950158
v 23.338404 41.521347 -3.014789
v 24.542538 39.726597 -2.896015
v 24.256891 39.483009 -3.572659
v 23.847763 39.331604 -3.968267
v 23.271761 40.279854 -3.822227
v 23.508942 40.520508 -3.567328
v 1.428601 62.338383 -1.832818
v -0.103630 62.419609 -2.462432
v 1.936765 62.056042 -1.080199
v -2.066302 62.056042 -1.080199
v -2.051371 61.425106 -0.020666
v -1.558138 62.338375 -1.832818
v 1.011002 60.803558 1.107547
v -0.103630 60.568703 1.486725
v 1.675716 60.521580 1.369013
v 1.921834 61.425102 -0.020665
v -1.204699 60.797855 1.116903
v -1.882976 60.521580 1.369013
v -0.103630 60.261616 2.012329
v -1.183933 59.901443 2.488199
v -0.103630 59.767498 2.608651
v -0.622193 59.267662 2.975093
v -0.037920 59.243847 2.991938
v 0.000000 57.245289 3.491617
v 0.601487 59.267654 2.975093
v 0.976673 59.901443 2.488199
v -0.802971 59.319397 3.185260
v -0.622193 59.267662 2.975093
v -1.251955 60.791424 2.859792
v 0.000000 57.245289 3.491617
v 0.000000 54.889576 4.507679
v -0.292503 57.394287 3.791187
v -1.160456 59.197857 3.279082
v -1.553032 60.699883 2.952827
v -2.143160 61.593681 1.768577
v -2.493057 61.491070 1.840445
v -2.894091 62.371586 0.428117
v -2.576607 62.382282 0.425460
v -2.787327 63.107388 -0.847690
v -2.560009 63.106342 -0.790514
v -2.317881 63.636906 -1.820034
v 23.590866 36.047478 0.448945
v 23.814047 36.135395 0.582152
v 23.695112 36.138783 0.816468
v 23.456495 36.044247 0.796298
v 23.590866 36.047478 0.448945
v 23.456495 36.044247 0.796298
v 23.255230 36.025890 0.623068
v 23.338255 36.011166 0.368192
v -25.315533 34.432011 -1.392537
v -25.389582 34.192028 -1.387075
v -25.684610 34.073788 -1.423975
v -25.617893 34.508743 -1.589659
v -25.368370 35.156746 -1.342649
v -25.659082 35.260689 -1.514065
v -25.370287 36.176914 -1.365828
v -25.740162 36.296612 -1.513932
v -25.177963 36.921341 -1.392428
v -25.585604 36.940453 -1.656024
v -5.519156 35.951599 3.376395
v -7.360332 36.175056 1.100028
v -5.485262 36.597977 3.022546
v -3.840511 36.748241 3.936844
v -2.513105 36.067646 4.394380
v -1.729591 36.734154 4.491000
v -0.007818 36.036797 4.754785
v -0.007369 36.765495 4.615677
v 2.490963 36.068340 4.386967
v 1.711611 36.734859 4.481581
v 5.495883 35.951431 3.389525
v 3.820707 36.748585 3.936761
v 5.466085 36.597786 3.034653
v 6.773509 36.360672 1.152072
vt 0.979863 -1.810567
vt 0.973264 -1.812770
vt 0.976608 -1.814365
vt 0.302803 -1.366395
vt 0.311760 -1.357516
vt 0.247156 -1.392259
vt 0.273801 -1.400749
vt 0.241160 -1.383289
vt 0.348135 -1.425183
vt 0.373523 -1.328156
vt 0.355801 -1.026521
vt 0.209459 -1.026521
vt 0.101463 -1.026521
vt 0.101039 -1.399087
vt 0.121426 -1.399087
vt 0.379726 -1.362866
vt 0.422959 -1.025407
vt 0.500087 -1.025407
vt 0.499846 -1.317491
vt 0.121426 -1.399087
vt 0.123539 -1.025407
vt 0.224639 -1.025407
vt 0.241160 -1.383289
vt 0.293076 -1.025407
vt 0.273801 -1.400749
vt 0.302803 -1.366395
vt 0.359733 -1.025407
vt 0.348135 -1.425183
vt 0.379726 -1.362866
vt 0.401117 -1.417093
vt 0.440535 -1.387545
vt 0.500106 -1.399350
vt 0.445142 -1.405505
vt 0.899442 -1.399087
vt 0.899018 -1.026521
vt 0.754476 -1.393830
vt 0.790798 -1.026521
vt 0.643526 -1.026521
vt 0.689596 -1.354262
vt 0.627167 -1.333393
vt 0.651467 -1.420249
vt 0.619569 -1.359170
vt 0.696799 -1.362630
vt 0.728787 -1.409628
vt 0.755383 -1.383038
vt 0.878574 -1.399087
vt 0.504915 -1.399350
vt 0.499401 -1.317491
vt 0.499102 -1.025407
vt 0.876461 -1.025407
vt 0.878574 -1.399087
vt 0.775361 -1.025407
vt 0.755383 -1.383038
vt 0.706710 -1.025407
vt 0.728787 -1.409628
vt 0.696799 -1.362630
vt 0.639778 -1.025407
vt 0.651467 -1.420249
vt 0.619569 -1.359170
vt 0.576347 -1.025407
vt 0.594720 -1.405231
vt 0.560473 -1.378649
vt 0.555865 -1.396609
vt 0.145615 -1.632613
vt 0.112830 -1.680280
vt 0.103668 -1.640255
vt 0.175504 -1.647597
vt 0.130656 -1.939147
vt 0.253137 -1.616352
vt 0.297710 -1.939147
vt 0.411203 -1.939147
vt 0.406358 -1.606982
vt 0.261370 -1.603880
vt 0.387639 -1.582951
vt 0.223498 -1.642109
vt 0.191716 -1.627810
vt 0.131948 -1.079478
vt 0.120935 -1.058887
vt 0.102083 -1.053183
vt 0.108944 -1.081223
vt 0.080859 -1.057812
vt 0.085501 -1.086952
vt 0.068389 -1.091559
vt 0.104196 -1.122287
vt 0.080229 -1.144662
vt 0.038718 -1.128711
vt 0.043635 -1.084458
vt 0.066929 -1.069093
vt 0.140549 -1.139971
vt 0.250677 -1.189678
vt 0.240737 -1.176209
vt 0.237276 -1.199292
vt 0.227325 -1.186313
vt 0.231823 -1.163793
vt 0.219502 -1.174931
vt 0.192529 -1.137504
vt 0.189758 -1.140297
vt 0.166252 -1.108965
vt 0.167217 -1.159229
vt 0.163234 -1.088387
vt 0.143644 -1.055579
vt 0.120817 -1.044164
vt 0.098932 -1.039273
vt 0.077815 -1.044088
vt 0.216944 -1.176905
vt 0.224543 -1.188305
vt 0.196840 -1.201382
vt 0.213278 -1.223126
vt 0.234216 -1.202146
vt 0.058587 -1.057571
vt 0.055527 -1.049559
vt 0.075310 -1.033873
vt 0.094489 -1.028575
vt 0.121817 -1.033045
vt 0.022604 -1.219327
vt 0.026921 -1.219897
vt 0.029340 -1.205363
vt 0.056096 -1.213239
vt 0.028546 -1.164589
vt 0.063325 -1.180982
vt 0.034180 -1.140812
vt 0.036288 -1.128464
vt 0.042253 -1.083675
vt 0.052858 -1.046458
vt 0.073763 -1.030258
vt 0.094828 -1.025220
vt 0.123221 -1.029308
vt 0.025872 -1.204493
vt 0.007205 -1.216023
vt 0.003692 -1.234041
vt 0.019408 -1.237458
vt 0.023474 -1.237809
vt 0.052344 -1.239254
vt 0.010062 -1.201220
vt 0.167435 -1.085522
vt 0.185904 -1.095291
vt 0.147321 -1.052259
vt 0.149120 -1.031380
vt 0.127977 -1.015197
vt 0.093895 -1.013813
vt 0.070709 -1.018735
vt 0.043307 -1.041384
vt 0.034543 -1.067084
vt 0.024538 -1.125681
vt 0.169367 -1.106456
vt 0.196168 -1.134772
vt 0.204858 -1.128249
vt 0.183481 -1.116459
vt 0.183130 -1.095648
vt 0.039931 -1.598146
vt 0.006249 -1.590325
vt 0.043907 -1.618219
vt 0.002263 -1.629135
vt 0.002812 -1.940675
vt 0.066245 -1.940675
vt 0.068846 -1.606287
vt 0.103668 -1.640255
vt 0.126731 -1.940675
vt 0.145615 -1.632613
vt 0.191716 -1.627810
vt 0.199395 -1.940675
vt 0.223498 -1.642109
vt 0.261370 -1.603880
vt 0.278925 -1.940675
vt 0.387639 -1.582951
vt 0.387200 -1.940675
vt 0.744722 -1.605696
vt 0.738600 -1.608284
vt 0.773630 -1.629925
vt 0.808716 -1.632977
vt 0.819952 -1.644459
vt 0.853804 -1.622817
vt 0.588398 -1.582951
vt 0.612361 -1.582951
vt 0.588797 -1.939147
vt 0.702290 -1.939147
vt 0.869344 -1.939147
vt 0.885871 -1.673095
vt 0.895838 -1.637186
vt 0.178155 -1.058075
vt 0.177479 -1.034637
vt 0.189313 -1.011795
vt 0.194082 -1.076236
vt 0.203700 -1.005436
vt 0.211280 -1.083537
vt 0.271620 -1.006272
vt 0.270623 -1.076531
vt 0.292160 -1.010834
vt 0.288809 -1.071421
vt 0.312477 -1.013010
vt 0.313244 -1.072003
vt 0.991514 -1.785696
vt 0.982355 -1.782694
vt 0.994462 -1.783738
vt 0.970915 -1.779062
vt 0.987862 -1.769535
vt 0.990069 -1.763720
vt 0.976764 -1.766887
vt 0.962789 -1.768618
vt 0.976041 -1.753710
vt 0.996522 -1.755940
vt 0.974116 -1.741045
vt 0.992429 -1.744260
vt 0.959867 -1.744074
vt 0.960944 -1.752961
vt 0.944742 -1.772704
vt 0.946465 -1.757315
vt 0.940367 -1.774305
vt 0.940798 -1.758312
vt 0.931994 -1.774390
vt 0.932590 -1.757353
vt 0.921241 -1.773331
vt 0.922021 -1.755954
vt 0.910429 -1.773069
vt 0.910866 -1.755211
vt 0.897497 -1.772727
vt 0.900761 -1.754487
vt 0.891729 -1.753079
vt 0.901581 -1.741458
vt 0.889602 -1.738978
vt 0.940403 -1.744382
vt 0.910382 -1.742294
vt 0.923141 -1.743169
vt 0.882133 -1.785860
vt 0.878951 -1.785819
vt 0.883622 -1.782155
vt 0.891948 -1.790760
vt 0.900557 -1.789832
vt 0.910672 -1.789335
vt 0.920703 -1.789026
vt 0.931142 -1.788802
vt 0.939772 -1.788331
vt 0.944408 -1.787300
vt 0.955913 -1.789467
vt 0.965773 -1.792495
vt 0.910345 -1.802684
vt 0.900904 -1.803214
vt 0.901454 -1.810830
vt 0.908191 -1.809258
vt 0.905015 -1.816558
vt 0.905530 -1.826617
vt 0.909097 -1.824783
vt 0.907121 -1.831921
vt 0.909935 -1.829371
vt 0.912573 -1.840570
vt 0.914453 -1.826811
vt 0.913567 -1.822264
vt 0.912636 -1.808731
vt 0.919652 -1.802331
vt 0.910130 -1.842898
vt 0.919431 -1.807541
vt 0.939826 -1.800365
vt 0.934897 -1.800316
vt 0.927120 -1.801505
vt 0.926128 -1.807228
vt 0.920007 -1.820042
vt 0.920667 -1.824892
vt 0.916621 -1.837943
vt 0.913243 -1.844003
vt 0.913166 -1.852626
vt 0.916611 -1.853884
vt 0.917751 -1.842585
vt 0.922113 -1.837796
vt 0.954669 -1.819352
vt 0.954214 -1.825810
vt 0.949059 -1.824426
vt 0.948831 -1.819148
vt 0.955306 -1.811376
vt 0.946990 -1.809715
vt 0.955012 -1.800893
vt 0.945202 -1.799513
vt 0.941624 -1.807947
vt 0.935626 -1.807666
vt 0.931061 -1.807096
vt 0.925172 -1.819035
vt 0.925702 -1.823305
vt 0.931191 -1.820977
vt 0.927265 -1.832205
vt 0.930723 -1.816831
vt 0.928570 -1.836207
vt 0.933720 -1.832391
vt 0.936590 -1.821232
vt 0.935736 -1.817010
vt 0.940202 -1.816183
vt 0.943963 -1.817286
vt 0.940661 -1.820449
vt 0.944659 -1.823242
vt 0.942354 -1.827805
vt 0.944900 -1.827756
vt 0.942680 -1.829521
vt 0.945623 -1.834444
vt 0.949050 -1.830102
vt 0.938388 -1.831334
vt 0.937781 -1.828465
vt 0.919436 -1.852286
vt 0.926092 -1.851661
vt 0.931196 -1.845574
vt 0.936902 -1.841726
vt 0.940375 -1.838842
vt 0.943777 -1.836241
vt 0.944373 -1.839375
vt 0.942667 -1.843324
vt 0.948699 -1.835862
vt 0.953278 -1.832569
vt 0.952347 -1.838794
vt 0.959398 -1.834828
vt 0.958498 -1.842979
vt 0.964873 -1.837270
vt 0.963513 -1.846607
vt 0.970856 -1.838034
vt 0.969886 -1.847417
vt 0.974001 -1.838181
vt 0.972328 -1.847557
vt 0.959517 -1.827429
vt 0.965836 -1.828281
vt 0.971873 -1.828960
vt 0.975168 -1.827311
vt 0.964029 -1.812444
vt 0.973264 -1.812770
vt 0.965629 -1.821701
vt 0.959505 -1.820829
vt 0.972342 -1.823073
vt 0.975978 -1.822540
vt 0.976608 -1.814365
vt 0.964447 -1.803799
vt 0.977712 -1.804656
vt 0.979863 -1.810567
vt 0.978048 -1.844119
vt 0.982604 -1.844773
vt 0.977934 -1.847684
vt 0.984070 -1.835324
vt 0.979458 -1.834796
vt 0.986489 -1.821547
vt 0.980086 -1.821238
vt 0.987419 -1.811044
vt 0.988010 -1.803817
vt 0.990660 -1.794691
vt 0.979324 -1.795011
vt 0.995411 -1.785764
vt 0.994374 -1.795522
vt 0.992080 -1.804627
vt 0.991157 -1.811612
vt 0.989358 -1.822753
vt 0.986831 -1.837049
vt 0.984235 -1.846460
vt 0.981605 -1.848750
vt 0.845154 -1.752297
vt 0.855995 -1.751891
vt 0.853125 -1.765012
vt 0.876981 -1.747186
vt 0.865693 -1.733656
vt 0.864085 -1.744369
vt 0.865765 -1.755779
vt 0.860498 -1.767220
vt 0.851795 -1.771177
vt 0.858069 -1.773142
vt 0.850221 -1.779306
vt 0.855885 -1.780948
vt 0.848691 -1.786072
vt 0.853763 -1.787144
vt 0.846196 -1.792679
vt 0.851278 -1.793743
vt 0.843135 -1.800815
vt 0.848418 -1.801844
vt 0.842099 -1.806006
vt 0.836917 -1.805156
vt 0.855523 -1.795515
vt 0.852133 -1.803093
vt 0.857826 -1.788581
vt 0.860613 -1.782352
vt 0.863413 -1.775860
vt 0.866335 -1.770303
vt 0.875103 -1.759001
vt 0.879978 -1.767041
vt 0.871985 -1.774143
vt 0.876401 -1.778369
vt 0.865463 -1.782952
vt 0.869110 -1.786101
vt 0.861144 -1.790221
vt 0.865130 -1.792572
vt 0.859205 -1.796926
vt 0.862723 -1.798688
vt 0.855126 -1.804185
vt 0.845921 -1.807258
vt 0.849968 -1.808394
vt 0.859361 -1.805889
vt 0.866291 -1.800592
vt 0.868153 -1.794360
vt 0.871361 -1.790878
vt 0.877074 -1.786853
vt 0.887395 -1.771289
vt 0.854239 -1.810389
vt 0.863125 -1.808896
vt 0.856956 -1.812926
vt 0.830039 -1.769707
vt 0.839295 -1.768765
vt 0.832469 -1.778607
vt 0.827100 -1.762031
vt 0.839736 -1.756825
vt 0.836769 -1.798754
vt 0.836132 -1.806404
vt 0.838125 -1.790430
vt 0.841900 -1.784129
vt 0.844203 -1.777766
vt 0.845622 -1.769291
vt 0.845929 -1.760909
vt 0.839729 -1.777455
vt 0.835611 -1.789902
vt 0.837639 -1.783214
vt 0.832316 -1.784538
vt 0.832026 -1.790970
vt 0.833522 -1.800085
vt 0.931196 -1.845574
vt 0.934378 -1.849611
vt 0.926092 -1.851661
vt 0.936902 -1.841726
vt 0.979863 -1.810567
vt 0.976608 -1.814365
vt 0.973264 -1.812770
vt 0.612361 -1.582951
vt 0.612800 -1.940675
vt 0.721075 -1.940675
vt 0.738600 -1.608284
vt 0.800605 -1.940675
vt 0.773630 -1.629925
vt 0.808716 -1.632977
vt 0.873269 -1.940675
vt 0.853804 -1.622817
vt 0.895838 -1.637186
vt 0.933755 -1.940675
vt 0.923912 -1.602178
vt 0.956542 -1.610061
vt 0.998152 -1.610804
vt 0.961210 -1.594047
vt 0.998608 -1.649615
vt 0.932455 -1.940675
vt 0.998313 -1.947501
vt 0.904933 -1.847058
vt 0.901599 -1.852576
vt 0.901811 -1.848410
vt 0.904013 -1.837500
vt 0.901320 -1.839456
vt 0.901181 -1.836651
vt 0.904097 -1.824319
vt 0.900946 -1.825581
vt 0.900874 -1.822013
vt 0.905015 -1.816558
vt 0.901454 -1.810830
vt 0.690969 -1.422940
vt 0.725062 -1.430820
vt 0.726872 -1.424164
vt 0.691482 -1.413611
vt 0.852587 -1.813751
vt 0.851485 -1.811374
vt 0.854239 -1.810389
vt 0.856956 -1.812926
vt 0.841465 -1.807586
vt 0.842099 -1.806006
vt 0.845921 -1.807258
vt 0.844161 -1.809380
vt 0.926092 -1.851661
vt 0.922882 -1.858248
vt 0.921918 -1.855499
vt 0.919515 -1.857487
vt 0.916611 -1.853884
vt 0.919436 -1.852286
vt 0.926092 -1.851661
vt 0.921918 -1.855499
vt 0.916611 -1.853884
vt 0.902429 -1.856423
vt 0.899180 -1.856890
vt 0.897866 -1.853263
vt 0.901599 -1.852576
vt 0.897320 -1.849266
vt 0.897866 -1.853263
vt 0.896171 -1.851949
vt 0.894282 -1.849046
vt 0.896432 -1.840656
vt 0.892848 -1.839323
vt 0.896118 -1.837554
vt 0.895290 -1.826408
vt 0.891639 -1.825189
vt 0.885926 -1.793392
vt 0.888719 -1.805325
vt 0.893896 -1.804652
vt 0.889192 -1.813971
vt 0.894242 -1.812173
vt 0.895536 -1.822360
vt 0.900874 -1.822013
vt 0.900946 -1.825581
vt 0.901181 -1.836651
vt 0.901320 -1.839456
vt 0.901811 -1.848410
vt 0.901599 -1.852576
vt 0.726872 -1.424164
vt 0.727891 -1.409081
vt 0.691482 -1.413611
vt 0.729079 -1.339417
vt 0.695801 -1.338478
vt 0.729777 -1.392893
vt 0.691954 -1.381746
vt 0.693471 -1.399311
vt 0.670458 -1.415512
vt 0.609914 -1.371832
vt 0.572581 -1.398844
vt 0.575841 -1.430575
vt 0.614191 -1.432461
vt 0.634895 -1.371501
vt 0.643432 -1.406180
vt 0.645472 -1.420781
vt 0.669218 -1.406624
vt 0.670291 -1.377010
vt 0.670005 -1.340641
vt 0.695620 -1.292660
vt 0.729237 -1.293043
vt 0.694901 -1.243733
vt 0.729072 -1.240804
vt 0.694174 -1.217674
vt 0.728134 -1.217940
vt 0.727653 -1.189210
vt 0.673181 -1.294550
vt 0.634146 -1.346459
vt 0.607436 -1.350859
vt 0.573048 -1.341837
vt 0.547090 -1.395938
vt 0.549199 -1.427198
vt 0.516965 -1.424007
vt 0.675231 -1.086831
vt 0.682387 -1.068809
vt 0.645897 -1.053985
vt 0.721059 -1.086284
vt 0.702992 -1.111729
vt 0.733155 -1.100352
vt 0.733226 -1.118100
vt 0.729461 -1.149168
vt 0.699013 -1.144579
vt 0.693917 -1.186562
vt 0.673763 -1.219581
vt 0.672961 -1.244356
vt 0.637428 -1.295233
vt 0.605805 -1.292240
vt 0.639511 -1.243932
vt 0.642742 -1.219164
vt 0.674070 -1.188634
vt 0.673248 -1.143813
vt 0.609817 -1.242547
vt 0.611962 -1.215842
vt 0.484041 -1.409678
vt 0.484447 -1.424868
vt 0.486373 -1.393137
vt 0.517099 -1.391481
vt 0.545845 -1.330115
vt 0.573207 -1.292322
vt 0.575915 -1.238344
vt 0.576908 -1.216870
vt 0.614351 -1.188436
vt 0.644934 -1.188408
vt 0.645722 -1.145282
vt 0.578109 -1.144093
vt 0.544953 -1.142320
vt 0.577967 -1.187059
vt 0.543764 -1.212999
vt 0.544297 -1.235003
vt 0.545304 -1.289989
vt 0.518115 -1.285277
vt 0.516701 -1.329754
vt 0.479575 -1.339728
vt 0.544588 -1.183705
vt 0.519691 -1.089178
vt 0.522402 -1.147581
vt 0.521023 -1.185310
vt 0.518556 -1.215620
vt 0.520161 -1.236182
vt 0.485859 -1.292991
vt 0.492593 -1.240394
vt 0.489413 -1.217632
vt 0.485569 -1.188956
vt 0.487608 -1.148495
vt 0.480344 -1.114970
vt 0.471523 -1.097548
vt 0.502829 -1.069207
vt 0.503855 -1.084903
vt 0.611629 -1.091206
vt 0.574108 -1.093146
vt 0.615041 -1.144470
vt 0.608341 -1.065435
vt 0.637047 -1.059936
vt 0.604028 -1.042488
vt 0.628382 -1.031839
vt 0.601496 -1.027954
vt 0.569920 -1.047896
vt 0.567888 -1.028006
vt 0.537043 -1.051953
vt 0.536722 -1.028766
vt 0.514399 -1.050995
vt 0.502353 -1.050512
vt 0.516135 -1.069248
vt 0.542239 -1.091406
vt 0.572227 -1.067352
vt 0.539847 -1.069032
vt 0.566145 -1.008274
vt 0.600755 -1.020361
vt 0.532077 -1.006510
vt 0.502248 -1.007745
vt 0.502446 -1.029052
vt 0.642650 -1.089657
vt 0.657123 -1.042513
vt 0.649920 -1.029521
vt 0.671791 -1.026697
vt 0.689740 -1.050692
vt 0.708224 -1.025974
vt 0.717438 -1.049266
vt 0.718649 -1.069285
vt 0.732883 -1.049194
vt 0.732883 -1.070899
vt 0.748328 -1.049266
vt 0.747117 -1.069285
vt 0.776026 -1.050692
vt 0.783379 -1.068809
vt 0.732883 -1.025238
vt 0.757542 -1.025974
vt 0.793975 -1.026697
vt 0.771849 -1.186562
vt 0.771592 -1.217674
vt 0.791696 -1.188634
vt 0.737632 -1.217940
vt 0.738113 -1.189210
vt 0.736305 -1.149168
vt 0.766753 -1.144579
vt 0.732540 -1.118100
vt 0.762774 -1.111729
vt 0.742462 -1.086757
vt 0.732883 -1.086235
vt 0.732611 -1.100352
vt 0.792518 -1.143813
vt 0.820832 -1.188408
vt 0.828719 -1.059936
vt 0.819869 -1.053985
vt 0.823116 -1.089657
vt 0.790535 -1.086831
vt 0.808643 -1.042513
vt 0.820044 -1.145282
vt 0.851415 -1.188436
vt 0.853804 -1.215842
vt 0.887799 -1.187059
vt 0.888858 -1.216870
vt 0.889851 -1.238344
vt 0.921469 -1.235003
vt 0.920462 -1.289989
vt 0.892559 -1.292322
vt 0.855949 -1.242547
vt 0.859961 -1.292240
vt 0.850725 -1.144470
vt 0.815846 -1.029521
vt 0.837384 -1.031839
vt 0.857425 -1.065435
vt 0.854137 -1.091206
vt 0.887657 -1.144093
vt 0.921178 -1.183705
vt 0.922002 -1.212999
vt 0.945605 -1.236182
vt 0.963320 -1.029052
vt 0.963518 -1.007745
vt 0.933689 -1.006510
vt 0.929044 -1.028766
vt 0.899621 -1.008274
vt 0.897878 -1.028006
vt 0.864270 -1.027954
vt 0.861738 -1.042488
vt 0.893539 -1.067352
vt 0.891658 -1.093146
vt 0.920813 -1.142320
vt 0.944743 -1.185310
vt 0.947210 -1.215620
vt 0.973173 -1.240394
vt 0.947651 -1.285277
vt 0.979907 -1.292991
vt 0.895846 -1.047896
vt 0.946075 -1.089178
vt 0.943364 -1.147581
vt 0.978158 -1.148495
vt 0.980197 -1.188956
vt 0.976353 -1.217632
vt 0.985422 -1.114970
vt 0.994243 -1.097548
vt 0.923527 -1.091406
vt 0.925919 -1.069032
vt 0.928723 -1.051953
vt 0.951367 -1.050995
vt 0.963413 -1.050512
vt 0.949631 -1.069248
vt 0.962937 -1.069207
vt 0.962076 -1.083988
vt 0.672798 -1.425192
vt 0.690969 -1.422940
vt 0.691482 -1.413611
vt 0.670458 -1.415512
vt 0.648731 -1.433422
vt 0.645472 -1.420781
vt 0.613013 -1.446650
vt 0.614191 -1.432461
vt 0.574948 -1.442715
vt 0.575841 -1.430575
vt 0.547442 -1.438479
vt 0.574948 -1.442715
vt 0.575841 -1.430575
vt 0.549199 -1.427198
vt 0.484447 -1.424868
vt 0.485124 -1.434141
vt 0.517108 -1.432709
vt 0.516965 -1.424007
vt 0.517108 -1.432709
vt 0.547442 -1.438479
vt 0.549199 -1.427198
vt 0.516965 -1.424007
vt 0.091127 -1.809592
vt 0.114950 -1.811873
vt 0.123410 -1.789640
vt 0.144700 -1.787689
vt 0.148437 -1.761128
vt 0.195355 -1.703542
vt 0.211316 -1.698891
vt 0.200086 -1.684474
vt 0.206209 -1.714034
vt 0.212564 -1.712609
vt 0.220950 -1.731377
vt 0.209217 -1.731475
vt 0.208808 -1.760457
vt 0.192001 -1.732457
vt 0.189753 -1.761209
vt 0.169462 -1.732541
vt 0.169322 -1.761857
vt 0.151500 -1.732028
vt 0.168700 -1.790606
vt 0.140247 -1.813103
vt 0.106183 -1.851755
vt 0.227266 -1.759169
vt 0.104638 -1.871766
vt 0.085793 -1.850512
vt 0.252512 -1.911586
vt 0.252208 -1.893767
vt 0.227266 -1.911833
vt 0.227266 -1.893800
vt 0.227266 -1.872225
vt 0.202892 -1.872325
vt 0.227266 -1.857106
vt 0.202789 -1.856721
vt 0.202251 -1.822314
vt 0.166329 -1.855466
vt 0.166508 -1.818766
vt 0.202797 -1.792808
vt 0.227266 -1.791949
vt 0.251734 -1.792808
vt 0.202323 -1.893767
vt 0.251742 -1.856721
vt 0.251639 -1.872325
vt 0.287947 -1.873227
vt 0.288202 -1.855466
vt 0.288023 -1.818766
vt 0.227266 -1.824291
vt 0.252281 -1.822314
vt 0.285831 -1.790606
vt 0.264778 -1.761209
vt 0.285209 -1.761857
vt 0.262530 -1.732457
vt 0.309831 -1.787689
vt 0.337372 -1.784026
vt 0.339700 -1.780439
vt 0.322324 -1.758501
vt 0.334278 -1.786470
vt 0.316753 -1.759585
vt 0.331121 -1.789640
vt 0.314284 -1.813103
vt 0.316849 -1.854163
vt 0.318035 -1.873467
vt 0.287180 -1.893298
vt 0.287785 -1.910460
vt 0.287543 -1.928590
vt 0.252920 -1.928323
vt 0.288392 -1.960699
vt 0.318629 -1.893416
vt 0.360502 -1.798974
vt 0.359877 -1.795364
vt 0.371820 -1.780029
vt 0.378655 -1.785093
vt 0.376025 -1.757691
vt 0.393533 -1.810398
vt 0.363404 -1.809592
vt 0.339581 -1.811873
vt 0.386554 -1.730288
vt 0.374194 -1.732013
vt 0.388140 -1.758498
vt 0.400610 -1.787847
vt 0.405146 -1.758626
vt 0.403094 -1.727700
vt 0.368738 -1.850512
vt 0.389184 -1.849265
vt 0.420043 -1.811704
vt 0.422387 -1.788494
vt 0.426724 -1.758538
vt 0.425177 -1.725231
vt 0.400086 -1.697195
vt 0.381936 -1.705216
vt 0.368550 -1.710961
vt 0.363505 -1.735703
vt 0.366822 -1.759345
vt 0.389697 -1.875046
vt 0.348348 -1.851755
vt 0.349893 -1.871766
vt 0.419829 -1.849305
vt 0.419614 -1.879251
vt 0.389105 -1.886414
vt 0.351786 -1.892407
vt 0.434630 -1.681798
vt 0.415835 -1.680519
vt 0.431068 -1.695681
vt 0.450392 -1.722991
vt 0.450379 -1.756905
vt 0.450387 -1.786743
vt 0.450394 -1.812564
vt 0.450394 -1.849440
vt 0.450398 -1.880131
vt 0.419331 -1.887467
vt 0.389491 -1.891537
vt 0.450418 -1.694369
vt 0.450430 -1.682078
vt 0.450395 -1.886463
vt 0.419956 -1.892272
vt 0.391497 -1.911724
vt 0.351449 -1.912773
vt 0.390012 -1.928310
vt 0.350334 -1.930967
vt 0.347176 -1.961021
vt 0.317499 -1.960693
vt 0.386825 -1.960862
vt 0.418091 -1.962426
vt 0.450381 -1.930036
vt 0.419318 -1.931745
vt 0.450377 -1.962005
vt 0.420475 -1.914777
vt 0.450381 -1.913476
vt 0.450388 -1.891328
vt 0.318732 -1.912378
vt 0.317701 -1.929900
vt 0.256852 -1.961019
vt 0.227266 -1.926918
vt 0.227266 -1.960567
vt 0.201612 -1.928323
vt 0.197680 -1.961019
vt 0.166989 -1.928590
vt 0.166139 -1.960699
vt 0.137032 -1.960693
vt 0.136830 -1.929900
vt 0.107356 -1.961021
vt 0.104197 -1.930967
vt 0.067706 -1.960862
vt 0.064519 -1.928310
vt 0.035213 -1.931745
vt 0.063034 -1.911724
vt 0.034056 -1.914777
vt 0.065040 -1.891537
vt 0.034575 -1.892272
vt 0.103083 -1.912773
vt 0.102745 -1.892407
vt 0.065427 -1.886414
vt 0.064835 -1.875046
vt 0.004145 -1.786743
vt 0.004137 -1.812564
vt 0.034488 -1.811704
vt 0.034702 -1.849305
vt 0.004138 -1.849440
vt 0.034917 -1.879251
vt 0.004134 -1.880131
vt 0.004136 -1.886463
vt 0.035200 -1.887467
vt 0.004143 -1.891328
vt 0.004150 -1.913476
vt 0.004151 -1.930036
vt 0.036441 -1.962426
vt 0.004155 -1.962005
vt 0.065347 -1.849265
vt 0.060998 -1.810398
vt 0.032144 -1.788494
vt 0.004153 -1.756905
vt 0.027807 -1.758538
vt 0.004140 -1.723480
vt 0.029355 -1.725231
vt 0.004113 -1.695276
vt 0.023463 -1.695681
vt 0.004102 -1.682078
vt 0.019901 -1.681798
vt 0.054445 -1.697195
vt 0.051437 -1.727700
vt 0.049385 -1.758626
vt 0.053921 -1.787847
vt 0.075877 -1.785093
vt 0.094029 -1.798974
vt 0.094655 -1.795364
vt 0.082711 -1.780029
vt 0.066391 -1.758498
vt 0.078507 -1.757691
vt 0.080338 -1.732013
vt 0.091026 -1.735703
vt 0.067977 -1.730288
vt 0.097096 -1.715477
vt 0.085982 -1.710961
vt 0.072596 -1.705216
vt 0.095648 -1.791593
vt 0.088141 -1.781984
vt 0.087709 -1.759345
vt 0.038696 -1.680519
vt 0.064778 -1.675707
vt 0.081629 -1.684912
vt 0.096755 -1.690896
vt 0.108820 -1.699627
vt 0.102293 -1.722130
vt 0.096665 -1.737917
vt 0.093686 -1.760014
vt 0.094698 -1.780547
vt 0.097334 -1.786382
vt 0.113702 -1.704911
vt 0.048451 -1.673143
vt 0.114832 -1.780439
vt 0.117160 -1.784026
vt 0.126742 -1.757472
vt 0.119781 -1.713730
vt 0.125486 -1.710678
vt 0.112519 -1.698599
vt 0.118064 -1.692826
vt 0.129686 -1.685861
vt 0.138234 -1.707228
vt 0.150731 -1.704498
vt 0.140840 -1.731339
vt 0.130396 -1.731253
vt 0.124684 -1.731474
vt 0.132207 -1.758501
vt 0.137778 -1.759585
vt 0.120253 -1.786470
vt 0.143072 -1.679780
vt 0.159266 -1.673761
vt 0.169418 -1.701782
vt 0.177024 -1.675677
vt 0.185249 -1.693260
vt 0.170658 -1.660698
vt 0.190554 -1.670420
vt 0.184257 -1.654579
vt 0.180227 -1.642116
vt 0.166455 -1.648815
vt 0.177607 -1.629678
vt 0.162055 -1.633654
vt 0.175462 -1.617446
vt 0.159554 -1.619919
vt 0.464085 -1.818628
vt 0.464228 -1.841495
vt 0.486231 -1.816182
vt 0.463189 -1.790903
vt 0.464531 -1.780112
vt 0.485223 -1.773374
vt 0.484942 -1.788735
vt 0.505390 -1.785424
vt 0.505408 -1.813586
vt 0.522631 -1.781441
vt 0.522796 -1.811589
vt 0.538201 -1.812730
vt 0.539696 -1.779658
vt 0.554220 -1.813281
vt 0.555645 -1.780635
vt 0.568642 -1.813494
vt 0.570459 -1.781480
vt 0.585972 -1.782356
vt 0.573109 -1.736053
vt 0.589715 -1.744840
vt 0.582885 -1.814051
vt 0.506260 -1.756033
vt 0.522337 -1.741347
vt 0.540781 -1.731404
vt 0.557190 -1.731269
vt 0.566976 -1.839177
vt 0.586336 -1.839724
vt 0.594452 -1.815010
vt 0.599412 -1.784915
vt 0.606603 -1.762075
vt 0.620125 -1.777091
vt 0.615577 -1.789501
vt 0.633655 -1.792377
vt 0.608422 -1.816368
vt 0.626082 -1.819373
vt 0.622076 -1.841742
vt 0.604293 -1.840212
vt 0.620189 -1.860291
vt 0.602766 -1.858780
vt 0.600367 -1.879405
vt 0.583224 -1.859147
vt 0.638511 -1.782270
vt 0.617725 -1.879333
vt 0.615712 -1.906449
vt 0.598222 -1.904846
vt 0.581594 -1.881797
vt 0.579881 -1.904334
vt 0.578458 -1.941171
vt 0.594841 -1.941448
vt 0.579138 -1.974096
vt 0.594270 -1.973164
vt 0.612031 -1.944332
vt 0.608523 -1.975302
vt 0.566823 -1.881862
vt 0.567340 -1.903618
vt 0.566186 -1.941654
vt 0.566392 -1.976424
vt 0.557598 -1.977612
vt 0.549159 -1.941146
vt 0.548971 -1.977750
vt 0.538574 -1.940390
vt 0.538170 -1.978130
vt 0.518996 -1.940402
vt 0.520484 -1.978199
vt 0.499990 -1.977488
vt 0.500362 -1.942676
vt 0.552752 -1.837657
vt 0.566609 -1.859375
vt 0.550548 -1.882016
vt 0.549909 -1.903035
vt 0.537532 -1.902334
vt 0.517825 -1.901971
vt 0.500275 -1.903581
vt 0.485831 -1.904357
vt 0.484952 -1.878015
vt 0.502110 -1.879400
vt 0.502495 -1.857140
vt 0.519457 -1.881307
vt 0.537829 -1.881990
vt 0.484715 -1.857954
vt 0.486337 -1.841402
vt 0.504598 -1.838826
vt 0.520955 -1.857531
vt 0.522189 -1.837284
vt 0.537032 -1.858516
vt 0.537853 -1.837680
vt 0.551747 -1.858593
vt 0.486464 -1.944017
vt 0.469960 -1.906443
vt 0.466628 -1.879415
vt 0.465470 -1.860176
vt 0.478048 -1.977052
vt 0.474085 -1.944351
vt 0.864085 -1.744369
vt 0.854268 -1.734695
vt 0.865693 -1.733656
vt 0.594270 -1.973164
vt 0.580161 -1.992070
vt 0.604050 -1.991841
vt 0.608523 -1.975302
vt 0.566392 -1.976424
vt 0.567257 -1.995217
vt 0.580161 -1.992070
vt 0.579138 -1.974096
vt 0.594270 -1.973164
vt 0.538170 -1.978130
vt 0.520484 -1.978199
vt 0.518133 -1.995217
vt 0.536426 -1.995217
vt 0.548971 -1.977750
vt 0.548882 -1.995217
vt 0.557598 -1.977612
vt 0.557556 -1.995217
vt 0.567257 -1.995217
vt 0.566392 -1.976424
vt 0.947017 -1.839056
vt 0.944373 -1.839375
vt 0.945623 -1.834444
vt 0.942667 -1.843324
vt 0.461822 -1.133622
vt 0.451676 -1.151888
vt 0.465876 -1.207252
vt 0.445305 -1.223122
vt 0.423744 -1.242042
vt 0.456991 -1.232350
vt 0.452975 -1.190737
vt 0.448082 -1.189962
vt 0.442089 -1.220757
vt 0.435183 -1.211985
vt 0.421628 -1.239416
vt 0.419514 -1.228027
vt 0.402667 -1.245443
vt 0.399191 -1.235517
vt 0.377529 -1.243095
vt 0.375720 -1.234712
vt 0.348518 -1.220342
vt 0.365385 -1.200882
vt 0.346327 -1.149922
vt 0.403343 -1.249316
vt 0.376985 -1.247150
vt 0.425238 -1.176319
vt 0.427247 -1.199583
vt 0.414563 -1.214651
vt 0.394252 -1.222355
vt 0.376423 -1.220504
vt 0.382239 -1.195404
vt 0.378621 -1.155592
vt 0.405010 -1.187411
vt 0.399432 -1.120934
vt 0.437891 -1.132889
vt 0.446593 -1.151779
vt 0.441871 -1.133292
vt 0.247935 -1.102843
vt 0.244719 -1.105355
vt 0.257292 -1.118804
vt 0.260598 -1.115971
vt 0.268126 -1.129451
vt 0.270557 -1.126830
vt 0.292143 -1.161430
vt 0.312340 -1.128713
vt 0.309841 -1.178279
vt 0.320248 -1.185942
vt 0.347787 -1.221752
vt 0.371750 -1.256615
vt 0.407072 -1.260639
vt 0.429187 -1.252110
vt 0.271338 -1.085876
vt 0.288680 -1.105628
vt 0.350381 -1.239862
vt 0.310018 -1.196220
vt 0.318346 -1.187475
vt 0.600755 -1.020361
vt 0.567888 -1.028006
vt 0.601496 -1.027954
vt 0.499990 -1.977488
vt 0.478048 -1.977052
vt 0.477199 -1.995217
vt 0.493259 -1.995217
vt 0.520484 -1.978199
vt 0.518133 -1.995217
vt 0.375664 -1.061779
vt 0.362070 -1.074187
vt 0.339128 -1.075725
vt 0.380649 -1.043425
vt 0.375523 -1.024586
vt 0.362567 -1.013965
vt 0.321718 -1.013006
vt 0.322341 -1.071954
vt 0.028546 -1.164589
vt 0.018198 -1.162427
vt 0.014270 -1.178718
vt 0.010062 -1.201220
vt 0.025872 -1.204493
vt 0.233415 -1.116796
vt 0.246191 -1.129977
vt 0.256664 -1.140821
vt 0.272470 -1.157381
vt 0.284652 -1.168889
vt 0.322341 -1.071954
vt 0.313244 -1.072003
vt 0.312477 -1.013010
vt 0.321718 -1.013006
vt 0.994243 -1.097548
vt 0.994764 -1.095407
vt 0.962076 -1.083988
vt 0.946075 -1.089178
vt 0.519691 -1.089178
vt 0.504247 -1.085047
vt 0.471002 -1.095407
vt 0.471523 -1.097548
vt 0.734985 -1.124057
vt 0.742462 -1.086757
vt 0.732883 -1.086235
vt 0.732883 -1.124104
vt 0.721059 -1.086284
vt 0.730781 -1.124057
vt 0.855852 -1.371832
vt 0.851575 -1.432461
vt 0.893185 -1.398844
vt 0.822334 -1.406180
vt 0.830871 -1.371501
vt 0.820294 -1.420781
vt 0.795308 -1.415512
vt 0.889925 -1.430575
vt 0.916567 -1.427198
vt 0.918676 -1.395938
vt 0.919921 -1.330115
vt 0.892718 -1.341837
vt 0.858330 -1.350859
vt 0.831620 -1.346459
vt 0.795475 -1.377010
vt 0.796548 -1.406624
vt 0.774284 -1.413611
vt 0.772295 -1.399311
vt 0.738894 -1.424164
vt 0.737875 -1.409081
vt 0.735989 -1.392893
vt 0.828339 -1.295233
vt 0.770865 -1.243733
vt 0.770146 -1.292660
vt 0.792805 -1.244356
vt 0.792585 -1.294550
vt 0.826255 -1.243932
vt 0.795761 -1.340641
vt 0.769965 -1.338478
vt 0.773812 -1.381746
vt 0.736687 -1.339417
vt 0.736529 -1.293043
vt 0.736694 -1.240804
vt 0.792003 -1.219581
vt 0.823024 -1.219164
vt 0.948801 -1.424007
vt 0.948667 -1.391481
vt 0.949065 -1.329754
vt 0.986191 -1.339728
vt 0.979393 -1.393137
vt 0.981725 -1.409678
vt 0.981319 -1.424868
vt 0.774284 -1.413611
vt 0.738894 -1.424164
vt 0.740704 -1.430820
vt 0.774797 -1.422940
vt 0.948801 -1.424007
vt 0.948658 -1.432709
vt 0.980642 -1.434141
vt 0.981319 -1.424868
vt 0.916567 -1.427198
vt 0.889925 -1.430575
vt 0.890818 -1.442715
vt 0.918324 -1.438479
vt 0.948801 -1.424007
vt 0.948658 -1.432709
vt 0.795308 -1.415512
vt 0.774284 -1.413611
vt 0.774797 -1.422940
vt 0.792968 -1.425192
vt 0.820294 -1.420781
vt 0.817035 -1.433422
vt 0.851575 -1.432461
vt 0.852753 -1.446650
vt 0.889925 -1.430575
vt 0.890818 -1.442715
vt 0.440490 -1.093806
vt 0.444336 -1.094634
vt 0.443292 -1.048293
vt 0.446512 -1.048552
vt 0.446856 -1.034745
vt 0.443438 -1.034593
vt 0.413088 -1.038754
vt 0.411270 -1.090243
vt 0.443990 -1.017717
vt 0.414995 -1.011563
vt 0.448111 -1.018438
vt 0.464588 -1.019181
vt 0.463609 -1.035892
vt 0.462915 -1.051161
vt 0.459717 -1.095661
vt 0.448876 -1.094938
vt 0.448238 -1.117206
vt 0.459302 -1.134837
vt 0.137682 -1.854163
vt 0.136496 -1.873467
vt 0.166585 -1.873227
vt 0.202019 -1.911586
vt 0.167351 -1.893298
vt 0.135902 -1.893416
vt 0.135799 -1.912378
vt 0.166746 -1.910460
vt 0.668615 -1.789501
vt 0.650537 -1.792377
vt 0.658110 -1.819373
vt 0.645681 -1.782270
vt 0.664068 -1.777091
vt 0.677590 -1.762075
vt 0.713733 -1.781480
vt 0.711083 -1.736053
vt 0.694477 -1.744840
vt 0.698220 -1.782356
vt 0.684780 -1.784915
vt 0.675770 -1.816368
vt 0.679899 -1.840212
vt 0.662116 -1.841742
vt 0.681427 -1.858780
vt 0.664004 -1.860291
vt 0.666467 -1.879333
vt 0.683826 -1.879405
vt 0.702598 -1.881797
vt 0.700968 -1.859147
vt 0.717583 -1.859375
vt 0.697856 -1.839724
vt 0.717216 -1.839177
vt 0.701307 -1.814051
vt 0.689741 -1.815010
vt 0.715550 -1.813494
vt 0.729972 -1.813281
vt 0.728547 -1.780635
vt 0.745991 -1.812730
vt 0.744496 -1.779658
vt 0.761396 -1.811589
vt 0.762003 -1.837284
vt 0.779594 -1.838826
vt 0.781697 -1.857140
vt 0.799478 -1.857954
vt 0.782082 -1.879400
vt 0.799240 -1.878015
vt 0.798361 -1.904357
vt 0.783917 -1.903581
vt 0.778785 -1.813586
vt 0.764735 -1.881307
vt 0.797855 -1.841402
vt 0.797961 -1.816182
vt 0.817564 -1.879415
vt 0.818722 -1.860176
vt 0.819964 -1.841495
vt 0.820107 -1.818628
vt 0.799250 -1.788735
vt 0.778803 -1.785424
vt 0.761561 -1.781441
vt 0.761855 -1.741347
vt 0.743411 -1.731404
vt 0.727002 -1.731269
vt 0.821004 -1.790903
vt 0.819661 -1.780112
vt 0.798969 -1.773374
vt 0.777933 -1.756033
vt 0.313244 -1.072003
vt 0.312477 -1.013010
vt 0.292160 -1.010834
vt 0.288809 -1.071421
vt 0.271620 -1.006272
vt 0.270623 -1.076531
vt 0.203700 -1.005436
vt 0.211280 -1.083537
vt 0.189313 -1.011795
vt 0.194082 -1.076236
vt 0.177479 -1.034637
vt 0.178155 -1.058075
vt 0.366391 -1.781984
vt 0.358884 -1.791593
vt 0.406080 -1.673143
vt 0.389753 -1.675707
vt 0.372903 -1.684912
vt 0.357776 -1.690896
vt 0.357435 -1.715477
vt 0.352238 -1.722130
vt 0.357866 -1.737917
vt 0.360846 -1.760014
vt 0.359833 -1.780547
vt 0.357197 -1.786382
vt 0.345711 -1.699627
vt 0.340829 -1.704911
vt 0.327789 -1.757472
vt 0.329848 -1.731474
vt 0.324136 -1.731253
vt 0.313691 -1.731339
vt 0.334751 -1.713730
vt 0.342012 -1.698599
vt 0.336467 -1.692826
vt 0.329045 -1.710678
vt 0.316297 -1.707228
vt 0.303031 -1.732028
vt 0.306094 -1.761128
vt 0.285069 -1.732541
vt 0.285113 -1.701782
vt 0.259176 -1.703542
vt 0.269282 -1.693260
vt 0.243215 -1.698891
vt 0.254445 -1.684474
vt 0.303801 -1.704498
vt 0.324845 -1.685861
vt 0.311460 -1.679780
vt 0.295266 -1.673761
vt 0.277508 -1.675677
vt 0.283874 -1.660698
vt 0.263977 -1.670420
vt 0.270274 -1.654579
vt 0.288076 -1.648815
vt 0.245723 -1.760457
vt 0.245314 -1.731475
vt 0.248322 -1.714034
vt 0.241967 -1.712609
vt 0.238701 -1.695906
vt 0.249752 -1.680861
vt 0.259310 -1.667285
vt 0.266446 -1.651849
vt 0.274305 -1.642116
vt 0.292476 -1.633654
vt 0.276924 -1.629678
vt 0.294977 -1.619919
vt 0.279070 -1.617446
vt 0.237026 -1.711000
vt 0.233581 -1.731377
vt 0.227266 -1.732345
vt 0.234329 -1.711137
vt 0.231574 -1.701721
vt 0.322341 -1.071954
vt 0.339128 -1.075725
vt 0.362070 -1.074187
vt 0.321718 -1.013006
vt 0.362567 -1.013965
vt 0.375523 -1.024586
vt 0.380649 -1.043425
vt 0.375664 -1.061779
vt 0.321718 -1.013006
vt 0.312477 -1.013010
vt 0.313244 -1.072003
vt 0.322341 -1.071954
vt 0.746339 -1.837680
vt 0.747161 -1.858516
vt 0.763237 -1.857531
vt 0.731440 -1.837657
vt 0.732445 -1.858593
vt 0.717369 -1.881862
vt 0.733644 -1.882016
vt 0.746363 -1.881990
vt 0.766368 -1.901971
vt 0.746660 -1.902334
vt 0.734283 -1.903035
vt 0.716853 -1.903618
vt 0.704311 -1.904334
vt 0.685970 -1.904846
vt 0.668480 -1.906449
vt 0.672161 -1.944332
vt 0.689351 -1.941448
vt 0.675669 -1.975302
vt 0.689922 -1.973164
vt 0.705734 -1.941171
vt 0.718006 -1.941654
vt 0.705055 -1.974096
vt 0.717800 -1.976424
vt 0.735033 -1.941146
vt 0.745619 -1.940390
vt 0.765196 -1.940402
vt 0.783830 -1.942676
vt 0.797728 -1.944017
vt 0.810107 -1.944351
vt 0.814232 -1.906443
vt 0.726594 -1.977612
vt 0.735221 -1.977750
vt 0.746022 -1.978130
vt 0.763708 -1.978199
vt 0.784202 -1.977488
vt 0.806144 -1.977052
vt 0.350938 -1.977026
vt 0.349928 -1.969819
vt 0.317495 -1.969488
vt 0.317319 -1.973988
vt 0.288287 -1.968826
vt 0.317499 -1.960693
vt 0.288392 -1.960699
vt 0.347176 -1.961021
vt 0.386825 -1.960862
vt 0.387740 -1.967876
vt 0.418091 -1.962426
vt 0.417758 -1.968941
vt 0.450377 -1.962005
vt 0.450388 -1.970360
vt 0.450371 -1.994419
vt 0.420376 -1.992571
vt 0.390753 -1.989380
vt 0.004161 -1.994419
vt 0.034155 -1.992571
vt 0.004143 -1.970360
vt 0.036774 -1.968941
vt 0.063778 -1.989380
vt 0.066791 -1.967876
vt 0.104603 -1.969819
vt 0.107356 -1.961021
vt 0.137032 -1.960693
vt 0.137036 -1.969488
vt 0.166139 -1.960699
vt 0.166244 -1.968826
vt 0.197680 -1.961019
vt 0.200141 -1.968736
vt 0.227266 -1.960567
vt 0.227266 -1.968776
vt 0.256852 -1.961019
vt 0.254390 -1.968736
vt 0.137212 -1.973988
vt 0.155783 -1.973458
vt 0.103593 -1.977026
vt 0.036441 -1.962426
vt 0.004155 -1.962005
vt 0.067706 -1.960862
vt 0.237026 -1.711000
vt 0.238701 -1.695906
vt 0.231574 -1.701721
vt 0.276924 -1.629678
vt 0.279070 -1.617446
vt 0.260963 -1.616258
vt 0.260701 -1.636123
vt 0.274305 -1.642116
vt 0.255653 -1.646666
vt 0.266446 -1.651849
vt 0.247924 -1.660700
vt 0.259310 -1.667285
vt 0.249752 -1.680861
vt 0.237392 -1.676875
vt 0.228964 -1.690820
vt 0.220202 -1.711137
vt 0.222958 -1.701721
vt 0.215830 -1.695906
vt 0.193830 -1.636123
vt 0.193569 -1.616258
vt 0.175462 -1.617446
vt 0.177607 -1.629678
vt 0.180227 -1.642116
vt 0.188085 -1.651849
vt 0.198878 -1.646666
vt 0.195221 -1.667285
vt 0.206608 -1.660700
vt 0.217139 -1.676875
vt 0.204779 -1.680861
vt 0.225567 -1.690820
vt 0.865011 -1.020361
vt 0.864270 -1.027954
vt 0.899621 -1.008274
vt 0.975455 -1.844488
vt 0.977430 -1.850722
vt 0.977934 -1.847684
vt 0.978048 -1.844119
vt 0.977251 -1.834763
vt 0.979458 -1.834796
vt 0.978259 -1.821415
vt 0.980086 -1.821238
vt 0.976608 -1.814365
vt 0.979863 -1.810567
vt 0.901599 -1.852576
vt 0.897866 -1.853263
vt 0.899180 -1.856890
vt 0.902429 -1.856423
vt 0.897320 -1.849266
vt 0.897866 -1.853263
vt 0.901599 -1.852576
vt 0.901811 -1.848410
vt 0.896432 -1.840656
vt 0.901320 -1.839456
vt 0.904933 -1.847058
vt 0.904013 -1.837500
vt 0.894282 -1.849046
vt 0.896171 -1.851949
vt 0.892848 -1.839323
vt 0.896118 -1.837554
vt 0.901181 -1.836651
vt 0.900946 -1.825581
vt 0.904097 -1.824319
vt 0.900874 -1.822013
vt 0.901454 -1.810830
vt 0.894242 -1.812173
vt 0.893896 -1.804652
vt 0.888719 -1.805325
vt 0.885926 -1.793392
vt 0.905015 -1.816558
vt 0.891639 -1.825189
vt 0.895290 -1.826408
vt 0.895536 -1.822360
vt 0.889192 -1.813971
vt 0.908191 -1.809258
vt 0.909097 -1.824783
vt 0.900904 -1.803214
vt 0.891948 -1.790760
vt 0.883622 -1.782155
vt 0.882133 -1.785860
vt 0.876401 -1.778369
vt 0.878951 -1.785819
vt 0.877074 -1.786853
vt 0.869110 -1.786101
vt 0.871361 -1.790878
vt 0.868153 -1.794360
vt 0.865130 -1.792572
vt 0.866291 -1.800592
vt 0.862723 -1.798688
vt 0.863125 -1.808896
vt 0.887395 -1.771289
vt 0.855523 -1.795515
vt 0.851278 -1.793743
vt 0.852133 -1.803093
vt 0.855126 -1.804185
vt 0.859205 -1.796926
vt 0.859361 -1.805889
vt 0.861144 -1.790221
vt 0.865463 -1.782952
vt 0.871985 -1.774143
vt 0.879978 -1.767041
vt 0.891729 -1.753079
vt 0.875103 -1.759001
vt 0.876981 -1.747186
vt 0.865765 -1.755779
vt 0.866335 -1.770303
vt 0.860498 -1.767220
vt 0.863413 -1.775860
vt 0.858069 -1.773142
vt 0.860613 -1.782352
vt 0.855885 -1.780948
vt 0.857826 -1.788581
vt 0.853763 -1.787144
vt 0.897497 -1.772727
vt 0.900761 -1.754487
vt 0.889602 -1.738978
vt 0.864085 -1.744369
vt 0.855995 -1.751891
vt 0.853125 -1.765012
vt 0.851795 -1.771177
vt 0.850221 -1.779306
vt 0.848691 -1.786072
vt 0.865693 -1.733656
vt 0.854268 -1.734695
vt 0.844203 -1.777766
vt 0.845622 -1.769291
vt 0.845929 -1.760909
vt 0.845154 -1.752297
vt 0.839736 -1.756825
vt 0.839295 -1.768765
vt 0.856956 -1.812926
vt 0.854239 -1.810389
vt 0.849968 -1.808394
vt 0.848418 -1.801844
vt 0.846196 -1.792679
vt 0.841900 -1.784129
vt 0.839729 -1.777455
vt 0.830039 -1.769707
vt 0.827100 -1.762031
vt 0.845921 -1.807258
vt 0.843135 -1.800815
vt 0.838125 -1.790430
vt 0.837639 -1.783214
vt 0.842099 -1.806006
vt 0.836769 -1.798754
vt 0.835611 -1.789902
vt 0.836917 -1.805156
vt 0.833522 -1.800085
vt 0.832026 -1.790970
vt 0.832316 -1.784538
vt 0.832469 -1.778607
vt 0.836132 -1.806404
vt 0.914453 -1.826811
vt 0.916621 -1.837943
vt 0.922113 -1.837796
vt 0.917751 -1.842585
vt 0.912573 -1.840570
vt 0.913243 -1.844003
vt 0.909935 -1.829371
vt 0.913567 -1.822264
vt 0.938388 -1.831334
vt 0.933720 -1.832391
vt 0.940375 -1.838842
vt 0.936902 -1.841726
vt 0.928570 -1.836207
vt 0.931196 -1.845574
vt 0.926092 -1.851661
vt 0.919436 -1.852286
vt 0.916611 -1.853884
vt 0.913166 -1.852626
vt 0.910130 -1.842898
vt 0.907121 -1.831921
vt 0.905530 -1.826617
vt 0.912636 -1.808731
vt 0.920007 -1.820042
vt 0.920667 -1.824892
vt 0.927265 -1.832205
vt 0.925702 -1.823305
vt 0.944659 -1.823242
vt 0.944900 -1.827756
vt 0.949050 -1.830102
vt 0.942354 -1.827805
vt 0.942680 -1.829521
vt 0.937781 -1.828465
vt 0.931191 -1.820977
vt 0.925172 -1.819035
vt 0.919431 -1.807541
vt 0.910345 -1.802684
vt 0.900557 -1.789832
vt 0.926128 -1.807228
vt 0.930723 -1.816831
vt 0.910429 -1.773069
vt 0.910672 -1.789335
vt 0.919652 -1.802331
vt 0.927120 -1.801505
vt 0.931061 -1.807096
vt 0.935736 -1.817010
vt 0.936590 -1.821232
vt 0.940661 -1.820449
vt 0.943963 -1.817286
vt 0.935626 -1.807666
vt 0.934897 -1.800316
vt 0.920703 -1.789026
vt 0.931142 -1.788802
vt 0.939826 -1.800365
vt 0.941624 -1.807947
vt 0.940202 -1.816183
vt 0.939772 -1.788331
vt 0.949059 -1.824426
vt 0.948831 -1.819148
vt 0.946990 -1.809715
vt 0.945202 -1.799513
vt 0.944408 -1.787300
vt 0.959867 -1.744074
vt 0.960944 -1.752961
vt 0.974116 -1.741045
vt 0.940403 -1.744382
vt 0.946465 -1.757315
vt 0.962789 -1.768618
vt 0.944742 -1.772704
vt 0.955913 -1.789467
vt 0.955012 -1.800893
vt 0.955306 -1.811376
vt 0.954669 -1.819352
vt 0.954214 -1.825810
vt 0.953278 -1.832569
vt 0.959505 -1.820829
vt 0.959517 -1.827429
vt 0.970915 -1.779062
vt 0.976764 -1.766887
vt 0.965773 -1.792495
vt 0.964447 -1.803799
vt 0.964029 -1.812444
vt 0.965629 -1.821701
vt 0.965836 -1.828281
vt 0.964873 -1.837270
vt 0.959398 -1.834828
vt 0.972342 -1.823073
vt 0.971873 -1.828960
vt 0.970856 -1.838034
vt 0.969886 -1.847417
vt 0.963513 -1.846607
vt 0.958498 -1.842979
vt 0.952347 -1.838794
vt 0.948699 -1.835862
vt 0.945623 -1.834444
vt 0.943777 -1.836241
vt 0.942667 -1.843324
vt 0.944373 -1.839375
vt 0.972328 -1.847557
vt 0.974001 -1.838181
vt 0.975168 -1.827311
vt 0.975978 -1.822540
vt 0.973264 -1.812770
vt 0.976608 -1.814365
vt 0.979863 -1.810567
vt 0.977712 -1.804656
vt 0.978048 -1.844119
vt 0.977934 -1.847684
vt 0.981605 -1.848750
vt 0.982604 -1.844773
vt 0.979458 -1.834796
vt 0.984070 -1.835324
vt 0.980086 -1.821238
vt 0.986489 -1.821547
vt 0.987419 -1.811044
vt 0.988010 -1.803817
vt 0.979324 -1.795011
vt 0.990660 -1.794691
vt 0.982355 -1.782694
vt 0.991514 -1.785696
vt 0.994462 -1.783738
vt 0.994374 -1.795522
vt 0.995411 -1.785764
vt 0.992080 -1.804627
vt 0.991157 -1.811612
vt 0.989358 -1.822753
vt 0.986831 -1.837049
vt 0.984235 -1.846460
vt 0.976041 -1.753710
vt 0.992429 -1.744260
vt 0.996522 -1.755940
vt 0.990069 -1.763720
vt 0.987862 -1.769535
vt 0.931196 -1.845574
vt 0.934378 -1.849611
vt 0.936902 -1.841726
vt 0.926092 -1.851661
vt 0.926092 -1.851661
vt 0.921918 -1.855499
vt 0.922882 -1.858248
vt 0.919515 -1.857487
vt 0.916611 -1.853884
vt 0.790934 -1.995217
vt 0.806994 -1.995217
vt 0.806144 -1.977052
vt 0.784202 -1.977488
vt 0.766060 -1.995217
vt 0.763708 -1.978199
vt 0.747767 -1.995217
vt 0.746022 -1.978130
vt 0.735311 -1.995217
vt 0.735221 -1.977750
vt 0.726637 -1.995217
vt 0.726594 -1.977612
vt 0.717800 -1.976424
vt 0.716935 -1.995217
vt 0.705055 -1.974096
vt 0.704031 -1.992070
vt 0.689922 -1.973164
vt 0.675669 -1.975302
vt 0.680142 -1.991841
vt 0.919436 -1.852286
vt 0.921918 -1.855499
vt 0.926092 -1.851661
vt 0.916611 -1.853884
vt 0.947017 -1.839056
vt 0.944373 -1.839375
vt 0.942667 -1.843324
vt 0.945623 -1.834444
vt 0.901581 -1.741458
vt 0.910866 -1.755211
vt 0.910382 -1.742294
vt 0.922021 -1.755954
vt 0.923141 -1.743169
vt 0.921241 -1.773331
vt 0.931994 -1.774390
vt 0.940367 -1.774305
vt 0.940798 -1.758312
vt 0.932590 -1.757353
vt 0.131727 -1.652916
vt 0.137040 -1.628291
vt 0.121990 -1.661065
vt 0.115656 -1.599250
vt 0.096008 -1.601654
vt 0.126844 -1.605254
vt 0.090151 -1.649241
vt 0.076843 -1.634458
vt 0.078780 -1.659900
vt 0.102262 -1.662694
vt 0.086754 -1.617494
vt 0.073581 -1.609153
vt 0.068642 -1.635299
vt 0.057227 -1.620980
vt 0.056368 -1.636556
vt 0.046776 -1.628801
vt 0.047320 -1.637483
vt 0.022543 -1.640022
vt 0.048548 -1.646095
vt 0.060368 -1.651634
vt 0.217505 -1.711000
vt 0.220202 -1.711137
vt 0.215830 -1.695906
vt 0.227266 -1.732345
vt 0.227266 -1.759169
vt 0.220950 -1.731377
vt 0.212564 -1.712609
vt 0.211316 -1.698891
vt 0.204779 -1.680861
vt 0.200086 -1.684474
vt 0.190554 -1.670420
vt 0.195221 -1.667285
vt 0.184257 -1.654579
vt 0.188085 -1.651849
vt 0.180227 -1.642116
vt 0.856956 -1.812926
vt 0.854239 -1.810389
vt 0.851485 -1.811374
vt 0.852587 -1.813751
vt 0.844161 -1.809380
vt 0.845921 -1.807258
vt 0.842099 -1.806006
vt 0.841465 -1.807586
vt 0.978048 -1.844119
vt 0.977934 -1.847684
vt 0.977430 -1.850722
vt 0.975455 -1.844488
vt 0.979458 -1.834796
vt 0.977251 -1.834763
vt 0.980086 -1.821238
vt 0.978259 -1.821415
vt 0.979863 -1.810567
vt 0.976608 -1.814365
vt 0.166244 -1.968826
vt 0.137036 -1.969488
vt 0.155783 -1.973458
vt 0.171009 -1.976190
vt 0.200141 -1.968736
vt 0.201687 -1.975668
vt 0.227266 -1.968776
vt 0.227266 -1.977129
vt 0.254390 -1.968736
vt 0.252845 -1.975668
vt 0.288287 -1.968826
vt 0.283522 -1.976190
vt 0.298748 -1.973458
vt 0.317319 -1.973988
usemtl hostage_sheet
s 1
f 1/1 2/2 3/3
f 4/4 5/5 6/6
f 6/6 7/7 4/4
f 6/6 8/8 7/7
f 5/5 4/4 9/9
f 9/9 10/10 5/5
f 11/11 5/5 10/10
f 11/11 6/6 5/5
f 6/6 11/11 12/12
f 6/6 12/12 13/13
f 13/13 14/14 6/6
f 8/8 6/6 14/14
f 14/14 15/15 8/8
f 10/10 9/9 16/16
f 17/17 18/18 19/19
f 20/20 21/21 22/22
f 22/22 23/23 20/20
f 23/23 22/22 24/24
f 24/24 25/25 23/23
f 24/24 26/26 25/25
f 26/26 24/24 27/27
f 27/27 28/28 26/26
f 27/27 29/29 28/28
f 29/29 27/27 17/17
f 17/17 30/30 29/29
f 17/17 31/31 30/30
f 31/31 17/17 19/19
f 32/32 31/31 19/19
f 32/32 33/33 31/31
f 34/34 35/35 36/36
f 37/37 36/36 35/35
f 38/38 36/36 37/37
f 36/36 38/38 39/39
f 39/39 38/38 40/40
f 41/41 40/40 42/42
f 40/40 41/41 39/39
f 43/43 39/39 41/41
f 39/39 43/43 36/36
f 44/44 36/36 43/43
f 45/45 36/36 44/44
f 36/36 45/45 34/34
f 46/46 34/34 45/45
f 47/47 48/48 49/49
f 50/50 51/51 52/52
f 53/53 52/52 51/51
f 52/52 53/53 54/54
f 55/55 54/54 53/53
f 56/56 54/54 55/55
f 54/54 56/56 57/57
f 58/58 57/57 56/56
f 59/59 57/57 58/58
f 57/57 59/59 60/60
f 61/61 60/60 59/59
f 62/62 60/60 61/61
f 60/60 62/62 49/49
f 62/62 47/47 49/49
f 63/63 47/47 62/62
f 64/64 65/65 66/66
f 65/65 64/64 67/67
f 67/67 68/68 65/65
f 69/69 68/68 67/67
f 68/68 69/69 70/70
f 70/70 69/69 71/71
f 72/72 71/71 69/69
f 69/69 73/73 72/72
f 74/74 72/72 73/73
f 73/73 69/69 75/75
f 75/75 69/69 76/76
f 67/67 76/76 69/69
f 76/76 67/67 64/64
f 77/77 78/78 79/79
f 80/80 77/77 79/79
f 80/80 79/79 81/81
f 82/82 80/80 81/81
f 82/82 81/81 83/83
f 82/82 83/83 84/84
f 83/83 85/85 84/84
f 86/86 85/85 83/83
f 87/87 86/86 83/83
f 87/87 83/83 88/88
f 81/81 88/88 83/83
f 84/84 89/89 77/77
f 80/80 84/84 77/77
f 82/82 84/84 80/80
f 90/90 91/91 92/92
f 91/91 93/93 92/92
f 91/91 94/94 93/93
f 94/94 95/95 93/93
f 96/96 95/95 94/94
f 96/96 97/97 95/95
f 98/98 97/97 96/96
f 97/97 98/98 99/99
f 98/98 89/89 99/99
f 98/98 100/100 89/89
f 100/100 77/77 89/89
f 100/100 101/101 77/77
f 78/78 77/77 101/101
f 102/102 78/78 101/101
f 79/79 78/78 102/102
f 103/103 79/79 102/102
f 81/81 79/79 103/103
f 104/104 81/81 103/103
f 95/95 105/105 106/106
f 93/93 95/95 106/106
f 97/97 105/105 95/95
f 97/97 99/99 105/105
f 99/99 107/107 105/105
f 106/106 105/105 107/107
f 106/106 107/107 108/108
f 109/109 106/106 108/108
f 93/93 106/106 109/109
f 92/92 93/93 109/109
f 88/88 81/81 104/104
f 110/110 88/88 104/104
f 110/110 87/87 88/88
f 110/110 111/111 87/87
f 112/112 111/111 110/110
f 104/104 112/112 110/110
f 113/113 112/112 104/104
f 103/103 113/113 104/104
f 114/114 113/113 103/103
f 102/102 114/114 103/103
f 101/101 114/114 102/102
f 115/115 116/116 117/117
f 118/118 117/117 116/116
f 119/119 117/117 118/118
f 120/120 119/119 118/118
f 120/120 85/85 119/119
f 85/85 121/121 119/119
f 86/86 121/121 85/85
f 122/122 121/121 86/86
f 122/122 86/86 87/87
f 123/123 122/122 87/87
f 123/123 87/87 111/111
f 124/124 123/123 111/111
f 124/124 111/111 112/112
f 125/125 124/124 112/112
f 125/125 112/112 113/113
f 126/126 125/125 113/113
f 126/126 113/113 114/114
f 127/127 126/126 114/114
f 128/128 117/117 119/119
f 128/128 115/115 117/117
f 115/115 128/128 129/129
f 115/115 129/129 130/130
f 131/131 115/115 130/130
f 116/116 115/115 131/131
f 132/132 116/116 131/131
f 118/118 116/116 132/132
f 133/133 118/118 132/132
f 128/128 134/134 129/129
f 135/135 136/136 137/137
f 136/136 138/138 137/137
f 137/137 138/138 139/139
f 127/127 137/137 139/139
f 127/127 139/139 140/140
f 126/126 127/127 140/140
f 126/126 140/140 141/141
f 125/125 126/126 141/141
f 125/125 141/141 124/124
f 141/141 142/142 124/124
f 124/124 142/142 143/143
f 123/123 124/124 143/143
f 123/123 143/143 122/122
f 143/143 144/144 122/122
f 122/122 144/144 121/121
f 127/127 114/114 101/101
f 137/137 127/127 101/101
f 137/137 101/101 100/100
f 135/135 137/137 100/100
f 100/100 98/98 135/135
f 98/98 145/145 135/135
f 145/145 98/98 96/96
f 96/96 146/146 145/145
f 146/146 96/96 94/94
f 147/147 146/146 94/94
f 146/146 148/148 145/145
f 148/148 149/149 145/145
f 135/135 145/145 149/149
f 150/150 151/151 152/152
f 153/153 152/152 151/151
f 153/153 154/154 152/152
f 154/154 155/155 152/152
f 152/152 155/155 156/156
f 156/156 155/155 157/157
f 158/158 157/157 155/155
f 157/157 158/158 159/159
f 159/159 158/158 160/160
f 161/161 160/160 158/158
f 160/160 161/161 162/162
f 162/162 161/161 163/163
f 164/164 163/163 161/161
f 163/163 164/164 165/165
f 166/166 165/165 164/164
f 167/167 168/168 169/169
f 167/167 169/169 170/170
f 170/170 171/171 167/167
f 171/171 170/170 172/172
f 173/173 174/174 168/168
f 168/168 167/167 173/173
f 175/175 173/173 167/167
f 167/167 176/176 175/175
f 167/167 177/177 176/176
f 177/177 167/167 171/171
f 177/177 171/171 178/178
f 172/172 178/178 171/171
f 178/178 172/172 179/179
f 180/180 181/181 182/182
f 183/183 180/180 182/182
f 182/182 184/184 183/183
f 184/184 185/185 183/183
f 184/184 186/186 185/185
f 186/186 187/187 185/185
f 187/187 186/186 188/188
f 189/189 187/187 188/188
f 189/189 188/188 190/190
f 191/191 189/189 190/190
f 192/192 193/193 194/194
f 193/193 195/195 196/196
f 197/197 196/196 198/198
f 195/195 198/198 196/196
f 199/199 198/198 195/195
f 198/198 199/199 200/200
f 200/200 197/197 198/198
f 200/200 201/201 197/197
f 201/201 200/200 202/202
f 203/203 201/201 202/202
f 204/204 202/202 200/200
f 205/205 204/204 200/200
f 199/199 205/205 200/200
f 199/199 206/206 205/205
f 206/206 207/207 205/205
f 206/206 208/208 207/207
f 208/208 209/209 207/207
f 208/208 210/210 209/209
f 210/210 211/211 209/209
f 210/210 212/212 211/211
f 212/212 213/213 211/211
f 212/212 214/214 213/213
f 214/214 215/215 213/213
f 215/215 214/214 216/216
f 217/217 215/215 216/216
f 218/218 217/217 216/216
f 217/217 218/218 219/219
f 218/218 220/220 219/219
f 205/205 207/207 204/204
f 207/207 221/221 204/204
f 219/219 222/222 217/217
f 222/222 215/215 217/217
f 222/222 223/223 215/215
f 223/223 213/213 215/215
f 211/211 213/213 223/223
f 221/221 211/211 223/223
f 211/211 221/221 209/209
f 207/207 209/209 221/221
f 224/224 225/225 226/226
f 224/224 226/226 227/227
f 227/227 226/226 216/216
f 227/227 216/216 228/228
f 228/228 216/216 214/214
f 229/229 228/228 214/214
f 229/229 214/214 212/212
f 230/230 229/229 212/212
f 230/230 212/212 210/210
f 231/231 230/230 210/210
f 231/231 210/210 208/208
f 232/232 231/231 208/208
f 232/232 208/208 206/206
f 233/233 232/232 206/206
f 233/233 206/206 199/199
f 234/234 233/233 199/199
f 234/234 199/199 195/195
f 235/235 234/234 195/195
f 236/236 229/229 230/230
f 237/237 228/228 229/229
f 236/236 237/237 229/229
f 238/238 237/237 236/236
f 239/239 238/238 236/236
f 238/238 239/239 240/240
f 240/240 239/239 241/241
f 239/239 242/242 241/241
f 241/241 242/242 243/243
f 242/242 244/244 243/243
f 245/245 243/243 244/244
f 244/244 246/246 245/245
f 247/247 246/246 244/244
f 242/242 247/247 244/244
f 247/247 242/242 248/248
f 242/242 239/239 248/248
f 236/236 248/248 239/239
f 248/248 236/236 249/249
f 249/249 236/236 230/230
f 249/249 230/230 231/231
f 245/245 250/250 243/243
f 251/251 248/248 249/249
f 247/247 248/248 251/251
f 252/252 232/232 233/233
f 252/252 253/253 232/232
f 253/253 231/231 232/232
f 254/254 231/231 253/253
f 254/254 249/249 231/231
f 254/254 255/255 249/249
f 255/255 251/251 249/249
f 256/256 251/251 255/255
f 256/256 247/247 251/251
f 256/256 257/257 247/247
f 257/257 246/246 247/247
f 246/246 257/257 258/258
f 246/246 258/258 245/245
f 245/245 258/258 259/259
f 259/259 250/250 245/245
f 259/259 260/260 250/250
f 261/261 260/260 259/259
f 259/259 262/262 261/261
f 258/258 262/262 259/259
f 258/258 263/263 262/262
f 257/257 263/263 258/258
f 264/264 265/265 266/266
f 267/267 264/264 266/266
f 268/268 264/264 267/267
f 269/269 268/268 267/267
f 268/268 269/269 270/270
f 269/269 271/271 270/270
f 269/269 272/272 271/271
f 272/272 252/252 271/271
f 272/272 273/273 252/252
f 273/273 253/253 252/252
f 253/253 273/273 274/274
f 254/254 253/253 274/274
f 255/255 254/254 274/274
f 275/275 255/255 274/274
f 275/275 256/256 255/255
f 256/256 275/275 257/257
f 275/275 276/276 257/257
f 257/257 276/276 263/263
f 276/276 277/277 278/278
f 279/279 277/277 276/276
f 275/275 279/279 276/276
f 279/279 275/275 274/274
f 279/279 274/274 273/273
f 276/276 278/278 263/263
f 278/278 280/280 263/263
f 278/278 281/281 280/280
f 277/277 281/281 278/278
f 277/277 282/282 281/281
f 282/282 277/277 279/279
f 283/283 282/282 279/279
f 283/283 279/279 273/273
f 273/273 272/272 283/283
f 272/272 284/284 283/283
f 285/285 284/284 272/272
f 285/285 286/286 284/284
f 287/287 286/286 285/285
f 288/288 286/286 287/287
f 289/289 288/288 287/287
f 289/289 290/290 288/288
f 291/291 290/290 289/289
f 289/289 292/292 291/291
f 288/288 290/290 293/293
f 294/294 288/288 293/293
f 286/286 288/288 294/294
f 282/282 286/286 294/294
f 284/284 286/286 282/282
f 283/283 284/284 282/282
f 294/294 293/293 281/281
f 282/282 294/294 281/281
f 262/262 295/295 261/261
f 262/262 263/263 295/295
f 263/263 296/296 295/295
f 263/263 280/280 296/296
f 280/280 297/297 296/296
f 280/280 281/281 297/297
f 281/281 298/298 297/297
f 281/281 293/293 298/298
f 293/293 299/299 298/298
f 293/293 290/290 299/299
f 290/290 300/300 299/299
f 291/291 300/300 290/290
f 291/291 301/301 300/300
f 301/301 299/299 300/300
f 302/302 299/299 301/301
f 292/292 303/303 291/291
f 292/292 304/304 303/303
f 304/304 305/305 303/303
f 305/305 304/304 306/306
f 307/307 305/305 306/306
f 306/306 308/308 307/307
f 308/308 309/309 307/307
f 308/308 310/310 309/309
f 310/310 311/311 309/309
f 310/310 312/312 311/311
f 312/312 313/313 311/311
f 272/272 269/269 285/285
f 269/269 267/267 285/285
f 285/285 267/267 287/287
f 267/267 266/266 287/287
f 287/287 266/266 289/289
f 266/266 292/292 289/289
f 266/266 265/265 292/292
f 265/265 304/304 292/292
f 304/304 265/265 314/314
f 306/306 304/304 314/314
f 314/314 315/315 306/306
f 315/315 308/308 306/306
f 315/315 316/316 308/308
f 316/316 310/310 308/308
f 316/316 317/317 310/310
f 317/317 312/312 310/310
f 318/318 319/319 320/320
f 318/318 320/320 321/321
f 268/268 318/318 321/321
f 264/264 268/268 321/321
f 265/265 264/264 321/321
f 314/314 265/265 321/321
f 321/321 320/320 314/314
f 320/320 315/315 314/314
f 320/320 322/322 315/315
f 322/322 316/316 315/315
f 322/322 323/323 316/316
f 323/323 317/317 316/316
f 319/319 322/322 320/320
f 319/319 324/324 322/322
f 324/324 323/323 322/322
f 268/268 270/270 325/325
f 318/318 268/268 325/325
f 318/318 325/325 326/326
f 319/319 318/318 326/326
f 319/319 326/326 327/327
f 328/328 329/329 330/330
f 331/331 329/329 328/328
f 332/332 331/331 328/328
f 333/333 331/331 332/332
f 334/334 333/333 332/332
f 335/335 333/333 334/334
f 327/327 335/335 334/334
f 335/335 327/327 336/336
f 327/327 326/326 336/336
f 336/336 326/326 337/337
f 326/326 338/338 337/337
f 326/326 325/325 338/338
f 325/325 235/235 338/338
f 325/325 270/270 235/235
f 270/270 234/234 235/235
f 270/270 271/271 234/234
f 271/271 233/233 234/234
f 271/271 252/252 233/233
f 235/235 195/195 193/193
f 338/338 235/235 193/193
f 338/338 193/193 192/192
f 337/337 338/338 192/192
f 337/337 192/192 339/339
f 340/340 337/337 339/339
f 336/336 337/337 340/340
f 341/341 336/336 340/340
f 335/335 336/336 341/341
f 342/342 335/335 341/341
f 335/335 342/342 333/333
f 342/342 343/343 333/333
f 333/333 343/343 331/331
f 343/343 344/344 331/331
f 331/331 344/344 329/329
f 344/344 345/345 329/329
f 345/345 346/346 329/329
f 329/329 346/346 330/330
f 347/347 348/348 349/349
f 218/218 350/350 220/220
f 351/351 220/220 350/350
f 352/352 351/351 350/350
f 348/348 352/352 350/350
f 353/353 348/348 350/350
f 348/348 353/353 349/349
f 353/353 354/354 349/349
f 349/349 354/354 355/355
f 354/354 356/356 355/355
f 355/355 356/356 357/357
f 356/356 358/358 357/357
f 357/357 358/358 359/359
f 358/358 360/360 359/359
f 359/359 360/360 361/361
f 360/360 362/362 361/361
f 361/361 362/362 363/363
f 362/362 364/364 363/363
f 363/363 364/364 365/365
f 363/363 365/365 366/366
f 367/367 368/368 364/364
f 362/362 367/367 364/364
f 369/369 367/367 362/362
f 360/360 369/369 362/362
f 370/370 369/369 360/360
f 358/358 370/370 360/360
f 371/371 370/370 358/358
f 356/356 371/371 358/358
f 372/372 371/371 356/356
f 354/354 372/372 356/356
f 373/373 372/372 354/354
f 353/353 373/373 354/354
f 350/350 373/373 353/353
f 373/373 350/350 218/218
f 218/218 374/374 373/373
f 374/374 375/375 373/373
f 374/374 376/376 375/375
f 375/375 376/376 377/377
f 376/376 378/378 377/377
f 377/377 378/378 379/379
f 378/378 380/380 379/379
f 379/379 380/380 381/381
f 380/380 382/382 381/381
f 381/381 382/382 383/383
f 381/381 383/383 368/368
f 367/367 381/381 368/368
f 379/379 381/381 367/367
f 369/369 379/379 367/367
f 377/377 379/379 369/369
f 370/370 377/377 369/369
f 371/371 377/377 370/370
f 375/375 377/377 371/371
f 372/372 375/375 371/371
f 375/375 372/372 373/373
f 364/364 384/384 365/365
f 364/364 368/368 384/384
f 368/368 385/385 384/384
f 383/383 385/385 368/368
f 383/383 386/386 385/385
f 382/382 386/386 383/383
f 382/382 387/387 386/386
f 388/388 387/387 382/382
f 380/380 388/388 382/382
f 389/389 388/388 380/380
f 378/378 389/389 380/380
f 390/390 389/389 378/378
f 376/376 390/390 378/378
f 225/225 390/390 376/376
f 225/225 376/376 226/226
f 376/376 374/374 226/226
f 374/374 391/391 226/226
f 391/391 374/374 218/218
f 391/391 218/218 216/216
f 226/226 391/391 216/216
f 386/386 392/392 385/385
f 392/392 386/386 393/393
f 387/387 393/393 386/386
f 394/394 392/392 393/393
f 395/395 396/396 397/397
f 396/396 395/395 398/398
f 399/399 396/396 398/398
f 400/400 366/366 401/401
f 400/400 363/363 366/366
f 361/361 363/363 400/400
f 402/402 361/361 400/400
f 359/359 361/361 402/402
f 403/403 359/359 402/402
f 357/357 359/359 403/403
f 404/404 357/357 403/403
f 355/355 357/357 404/404
f 405/405 355/355 404/404
f 349/349 355/355 405/405
f 406/406 349/349 405/405
f 406/406 347/347 349/349
f 347/347 406/406 399/399
f 399/399 406/406 405/405
f 396/396 399/399 405/405
f 396/396 405/405 407/407
f 396/396 407/407 397/397
f 403/403 402/402 408/408
f 409/409 403/403 408/408
f 404/404 403/403 409/409
f 407/407 404/404 409/409
f 405/405 404/404 407/407
f 397/397 407/407 410/410
f 407/407 409/409 410/410
f 410/410 409/409 411/411
f 409/409 408/408 411/411
f 408/408 412/412 411/411
f 408/408 402/402 412/412
f 402/402 400/400 412/412
f 412/412 400/400 401/401
f 413/413 414/414 415/415
f 413/413 416/416 414/414
f 417/417 418/418 419/419
f 420/420 421/421 422/422
f 422/422 423/423 420/420
f 423/423 422/422 424/424
f 424/424 425/425 423/423
f 424/424 426/426 425/425
f 426/426 424/424 427/427
f 427/427 428/428 426/426
f 427/427 429/429 428/428
f 429/429 427/427 430/430
f 430/430 431/431 429/429
f 430/430 432/432 431/431
f 433/433 434/434 432/432
f 432/432 435/435 433/433
f 432/432 436/436 435/435
f 436/436 437/437 435/435
f 438/438 439/439 440/440
f 441/441 438/438 440/440
f 442/442 441/441 440/440
f 441/441 442/442 443/443
f 444/444 441/441 443/443
f 445/445 444/444 443/443
f 444/444 445/445 446/446
f 447/447 444/444 446/446
f 448/448 447/447 446/446
f 449/449 450/450 451/451
f 452/452 449/449 451/451
f 453/453 454/454 455/455
f 456/456 453/453 455/455
f 457/457 458/458 459/459
f 460/460 457/457 459/459
f 461/461 462/462 463/463
f 464/464 463/463 462/462
f 465/465 463/463 464/464
f 466/466 467/467 468/468
f 466/466 468/468 469/469
f 470/470 471/471 472/472
f 473/473 470/470 472/472
f 474/474 475/475 476/476
f 477/477 474/474 476/476
f 478/478 474/474 477/477
f 479/479 478/478 477/477
f 478/478 479/479 480/480
f 481/481 480/480 479/479
f 482/482 481/481 479/479
f 483/483 224/224 227/227
f 483/483 227/227 484/484
f 227/227 485/485 484/484
f 484/484 485/485 486/486
f 485/485 487/487 486/486
f 486/486 487/487 482/482
f 487/487 488/488 482/482
f 481/481 482/482 488/488
f 488/488 489/489 481/481
f 489/489 490/490 481/481
f 481/481 490/490 480/480
f 490/490 491/491 480/480
f 480/480 491/491 478/478
f 491/491 492/492 478/478
f 478/478 492/492 474/474
f 492/492 493/493 474/474
f 474/474 493/493 475/475
f 493/493 494/494 475/475
f 485/485 227/227 228/228
f 237/237 485/485 228/228
f 487/487 485/485 237/237
f 238/238 487/487 237/237
f 487/487 238/238 488/488
f 238/238 489/489 488/488
f 495/495 496/496 497/497
f 498/498 499/499 500/500
f 499/499 501/501 500/500
f 496/496 500/500 501/501
f 502/502 496/496 501/501
f 496/496 502/502 497/497
f 497/497 502/502 503/503
f 504/504 505/505 506/506
f 507/507 504/504 506/506
f 508/508 504/504 507/507
f 509/509 508/508 507/507
f 510/510 509/509 507/507
f 511/511 509/509 510/510
f 503/503 511/511 510/510
f 502/502 511/511 503/503
f 511/511 502/502 512/512
f 502/502 501/501 512/512
f 513/513 512/512 501/501
f 499/499 513/513 501/501
f 513/513 499/499 514/514
f 499/499 498/498 514/514
f 498/498 515/515 514/514
f 516/516 514/514 515/515
f 517/517 516/516 515/515
f 518/518 516/516 517/517
f 519/519 518/518 517/517
f 518/518 519/519 520/520
f 509/509 511/511 508/508
f 511/511 512/512 508/508
f 508/508 512/512 513/513
f 514/514 516/516 521/521
f 521/521 513/513 514/514
f 522/522 523/523 508/508
f 523/523 504/504 508/508
f 523/523 524/524 504/504
f 524/524 505/505 504/504
f 505/505 524/524 525/525
f 506/506 505/505 525/525
f 526/526 506/506 525/525
f 526/526 525/525 527/527
f 528/528 529/529 530/530
f 531/531 529/529 528/528
f 532/532 531/531 528/528
f 533/533 531/531 532/532
f 534/534 533/533 532/532
f 534/534 532/532 535/535
f 532/532 536/536 535/535
f 535/535 536/536 520/520
f 536/536 537/537 520/520
f 537/537 518/518 520/520
f 518/518 537/537 538/538
f 518/518 538/538 516/516
f 538/538 539/539 516/516
f 516/516 539/539 521/521
f 540/540 521/521 539/539
f 513/513 521/521 540/540
f 522/522 513/513 540/540
f 522/522 508/508 513/513
f 523/523 541/541 524/524
f 541/541 523/523 522/522
f 540/540 541/541 522/522
f 540/540 542/542 541/541
f 542/542 540/540 539/539
f 543/543 542/542 539/539
f 538/538 543/543 539/539
f 538/538 544/544 543/543
f 537/537 544/544 538/538
f 545/545 544/544 537/537
f 536/536 545/545 537/537
f 528/528 545/545 536/536
f 532/532 528/528 536/536
f 542/542 546/546 541/541
f 542/542 543/543 546/546
f 543/543 547/547 546/546
f 527/527 548/548 549/549
f 550/550 548/548 527/527
f 551/551 550/550 527/527
f 525/525 551/551 527/527
f 525/525 552/552 551/551
f 524/524 552/552 525/525
f 552/552 524/524 553/553
f 541/541 553/553 524/524
f 554/554 553/553 541/541
f 546/546 554/554 541/541
f 555/555 554/554 546/546
f 547/547 555/555 546/546
f 547/547 556/556 555/555
f 556/556 547/547 543/543
f 557/557 556/556 543/543
f 544/544 557/557 543/543
f 558/558 557/557 544/544
f 545/545 558/558 544/544
f 559/559 560/560 561/561
f 559/559 561/561 556/556
f 556/556 561/561 555/555
f 555/555 561/561 562/562
f 555/555 562/562 554/554
f 562/562 563/563 554/554
f 554/554 563/563 553/553
f 563/563 564/564 553/553
f 564/564 552/552 553/553
f 552/552 564/564 565/565
f 566/566 552/552 565/565
f 566/566 565/565 567/567
f 567/567 550/550 566/566
f 550/550 551/551 566/566
f 552/552 566/566 551/551
f 560/560 568/568 561/561
f 561/561 568/568 562/562
f 569/569 570/570 560/560
f 560/560 570/570 568/568
f 570/570 571/571 568/568
f 568/568 571/571 572/572
f 562/562 568/568 572/572
f 562/562 572/572 563/563
f 572/572 573/573 563/563
f 573/573 565/565 563/563
f 565/565 564/564 563/563
f 565/565 574/574 567/567
f 574/574 565/565 573/573
f 575/575 574/574 573/573
f 576/576 575/575 573/573
f 572/572 576/576 573/573
f 576/576 572/572 577/577
f 572/572 571/571 577/577
f 578/578 577/577 571/571
f 570/570 578/578 571/571
f 579/579 578/578 570/570
f 569/569 579/579 570/570
f 569/569 580/580 579/579
f 581/581 582/582 569/569
f 583/583 584/584 585/585
f 584/584 583/583 586/586
f 586/586 583/583 587/587
f 586/586 587/587 588/588
f 587/587 589/589 588/588
f 590/590 588/588 589/589
f 591/591 588/588 590/590
f 592/592 591/591 590/590
f 591/591 592/592 593/593
f 592/592 594/594 593/593
f 595/595 593/593 594/594
f 595/595 594/594 596/596
f 595/595 596/596 581/581
f 597/597 595/595 581/581
f 597/597 581/581 569/569
f 597/597 569/569 598/598
f 598/598 569/569 560/560
f 598/598 560/560 559/559
f 588/588 591/591 586/586
f 591/591 599/599 586/586
f 599/599 584/584 586/586
f 584/584 599/599 600/600
f 598/598 584/584 600/600
f 600/600 597/597 598/598
f 597/597 600/600 595/595
f 600/600 593/593 595/595
f 593/593 600/600 599/599
f 591/591 593/593 599/599
f 601/601 592/592 602/602
f 592/592 601/601 603/603
f 594/594 592/592 603/603
f 594/594 603/603 604/604
f 605/605 594/594 604/604
f 594/594 605/605 596/596
f 583/583 606/606 587/587
f 606/606 583/583 558/558
f 583/583 585/585 558/558
f 558/558 585/585 557/557
f 585/585 556/556 557/557
f 585/585 559/559 556/556
f 584/584 559/559 585/585
f 584/584 598/598 559/559
f 606/606 558/558 545/545
f 528/528 606/606 545/545
f 587/587 606/606 528/528
f 530/530 587/587 528/528
f 530/530 589/589 587/587
f 530/530 607/607 589/589
f 607/607 608/608 589/589
f 607/607 609/609 608/608
f 610/610 609/609 607/607
f 609/609 610/610 611/611
f 610/610 612/612 611/611
f 613/613 612/612 610/610
f 614/614 612/612 613/613
f 615/615 614/614 613/613
f 614/614 615/615 616/616
f 615/615 617/617 616/616
f 617/617 618/618 616/616
f 618/618 617/617 619/619
f 620/620 611/611 612/612
f 614/614 620/620 612/612
f 620/620 614/614 621/621
f 614/614 616/616 621/621
f 622/622 621/621 616/616
f 618/618 622/622 616/616
f 623/623 624/624 625/625
f 624/624 623/623 626/626
f 623/623 627/627 626/626
f 628/628 627/627 623/623
f 629/629 628/628 623/623
f 630/630 628/628 629/629
f 631/631 630/630 629/629
f 630/630 631/631 632/632
f 632/632 631/631 619/619
f 617/617 632/632 619/619
f 617/617 615/615 632/632
f 615/615 633/633 632/632
f 615/615 613/613 633/633
f 613/613 531/531 633/633
f 613/613 610/610 531/531
f 610/610 529/529 531/531
f 529/529 610/610 607/607
f 529/529 607/607 530/530
f 629/629 623/623 625/625
f 634/634 630/630 632/632
f 635/635 625/625 636/636
f 635/635 629/629 625/625
f 631/631 629/629 635/635
f 637/637 638/638 639/639
f 638/638 640/640 639/639
f 640/640 638/638 641/641
f 619/619 640/640 641/641
f 631/631 640/640 619/619
f 640/640 631/631 635/635
f 640/640 635/635 642/642
f 642/642 635/635 636/636
f 642/642 636/636 643/643
f 643/643 636/636 644/644
f 643/643 644/644 645/645
f 644/644 646/646 645/645
f 646/646 644/644 647/647
f 646/646 647/647 648/648
f 648/648 647/647 649/649
f 647/647 650/650 649/649
f 647/647 651/651 650/650
f 651/651 652/652 650/650
f 644/644 651/651 647/647
f 639/639 640/640 642/642
f 639/639 642/642 653/653
f 653/653 642/642 643/643
f 653/653 643/643 645/645
f 618/618 619/619 622/622
f 619/619 641/641 622/622
f 641/641 654/654 622/622
f 641/641 638/638 654/654
f 638/638 655/655 654/654
f 638/638 637/637 655/655
f 637/637 656/656 655/655
f 656/656 637/637 639/639
f 657/657 656/656 639/639
f 657/657 639/639 653/653
f 657/657 653/653 658/658
f 658/658 653/653 645/645
f 658/658 645/645 659/659
f 645/645 646/646 659/659
f 646/646 660/660 659/659
f 660/660 646/646 648/648
f 660/660 648/648 661/661
f 661/661 648/648 649/649
f 662/662 663/663 664/664
f 665/665 662/662 664/664
f 665/665 664/664 666/666
f 667/667 665/665 666/666
f 668/668 667/667 666/666
f 667/667 668/668 669/669
f 668/668 655/655 669/669
f 656/656 669/669 655/655
f 669/669 656/656 670/670
f 670/670 656/656 657/657
f 671/671 670/670 657/657
f 671/671 657/657 658/658
f 671/671 658/658 672/672
f 672/672 658/658 659/659
f 672/672 659/659 673/673
f 659/659 660/660 673/673
f 660/660 674/674 673/673
f 674/674 660/660 661/661
f 674/674 661/661 675/675
f 675/675 661/661 676/676
f 677/677 675/675 676/676
f 678/678 669/669 670/670
f 678/678 667/667 669/669
f 667/667 678/678 665/665
f 679/679 680/680 681/681
f 681/681 680/680 682/682
f 680/680 673/673 682/682
f 683/683 682/682 673/673
f 674/674 683/683 673/673
f 683/683 674/674 675/675
f 684/684 679/679 681/681
f 679/679 684/684 685/685
f 680/680 672/672 673/673
f 686/686 672/672 680/680
f 686/686 671/671 672/672
f 671/671 686/686 670/670
f 686/686 687/687 670/670
f 678/678 670/670 687/687
f 688/688 678/678 687/687
f 678/678 688/688 665/665
f 689/689 665/665 688/688
f 665/665 689/689 662/662
f 689/689 690/690 662/662
f 689/689 691/691 690/690
f 691/691 692/692 690/690
f 692/692 691/691 693/693
f 691/691 679/679 693/693
f 691/691 687/687 679/679
f 687/687 686/686 679/679
f 679/679 686/686 680/680
f 691/691 689/689 688/688
f 687/687 691/691 688/688
f 694/694 695/695 696/696
f 697/697 694/694 696/696
f 698/698 694/694 697/697
f 699/699 698/698 697/697
f 700/700 698/698 699/699
f 701/701 700/700 699/699
f 702/702 700/700 701/701
f 703/703 702/702 701/701
f 704/704 705/705 706/706
f 707/707 704/704 706/706
f 708/708 709/709 710/710
f 711/711 708/708 710/710
f 712/712 713/713 714/714
f 715/715 712/712 714/714
f 716/716 717/717 718/718
f 719/719 718/718 717/717
f 718/718 719/719 720/720
f 721/721 722/722 723/723
f 722/722 721/721 724/724
f 725/725 722/722 724/724
f 725/725 724/724 726/726
f 724/724 727/727 726/726
f 726/726 727/727 728/728
f 728/728 727/727 729/729
f 730/730 728/728 729/729
f 730/730 729/729 731/731
f 732/732 730/730 731/731
f 732/732 731/731 733/733
f 720/720 732/732 733/733
f 734/734 732/732 720/720
f 719/719 734/734 720/720
f 719/719 735/735 734/734
f 735/735 719/719 717/717
f 735/735 717/717 736/736
f 736/736 717/717 716/716
f 731/731 729/729 721/721
f 721/721 729/729 727/727
f 724/724 721/721 727/727
f 737/737 726/726 728/728
f 738/738 736/736 739/739
f 740/740 741/741 742/742
f 741/741 743/743 742/742
f 743/743 741/741 744/744
f 743/743 744/744 745/745
f 745/745 744/744 746/746
f 747/747 745/745 746/746
f 747/747 746/746 748/748
f 749/749 747/747 748/748
f 750/750 749/749 748/748
f 749/749 750/750 735/735
f 735/735 750/750 734/734
f 751/751 734/734 750/750
f 732/732 734/734 751/751
f 730/730 732/732 751/751
f 751/751 728/728 730/730
f 751/751 752/752 728/728
f 752/752 737/737 728/728
f 752/752 753/753 737/737
f 754/754 743/743 745/745
f 755/755 746/746 744/744
f 756/756 755/755 744/744
f 741/741 756/756 744/744
f 756/756 741/741 757/757
f 757/757 758/758 756/756
f 758/758 755/755 756/756
f 758/758 759/759 755/755
f 748/748 751/751 750/750
f 748/748 760/760 751/751
f 760/760 752/752 751/751
f 760/760 761/761 752/752
f 761/761 753/753 752/752
f 753/753 761/761 762/762
f 763/763 753/753 762/762
f 764/764 763/763 762/762
f 763/763 764/764 765/765
f 746/746 760/760 748/748
f 746/746 755/755 760/760
f 755/755 761/761 760/760
f 759/759 761/761 755/755
f 761/761 759/759 762/762
f 766/766 762/762 759/759
f 762/762 766/766 764/764
f 767/767 768/768 769/769
f 767/767 769/769 770/770
f 769/769 771/771 770/770
f 771/771 772/772 770/770
f 772/772 771/771 766/766
f 766/766 773/773 772/772
f 773/773 766/766 759/759
f 774/774 773/773 759/759
f 758/758 774/774 759/759
f 774/774 758/758 775/775
f 758/758 757/757 775/775
f 757/757 776/776 775/775
f 741/741 776/776 757/757
f 776/776 741/741 777/777
f 741/741 740/740 777/777
f 778/778 777/777 740/740
f 779/779 778/778 740/740
f 778/778 779/779 780/780
f 781/781 776/776 777/777
f 776/776 781/781 775/775
f 772/772 782/782 770/770
f 782/782 783/783 770/770
f 783/783 782/782 784/784
f 784/784 785/785 786/786
f 782/782 785/785 784/784
f 785/785 782/782 787/787
f 782/782 788/788 787/787
f 788/788 782/782 789/789
f 782/782 772/772 789/789
f 773/773 789/789 772/772
f 773/773 774/774 789/789
f 790/790 791/791 786/786
f 792/792 790/790 786/786
f 785/785 792/792 786/786
f 785/785 793/793 792/792
f 793/793 785/785 787/787
f 794/794 795/795 790/790
f 792/792 794/794 790/790
f 793/793 794/794 792/792
f 796/796 797/797 788/788
f 797/797 787/787 788/788
f 798/798 787/787 797/797
f 787/787 798/798 793/793
f 798/798 799/799 793/793
f 793/793 799/799 794/794
f 799/799 800/800 794/794
f 795/795 794/794 800/800
f 801/801 795/795 800/800
f 802/802 795/795 801/801
f 795/795 802/802 803/803
f 790/790 795/795 803/803
f 790/790 803/803 804/804
f 791/791 790/790 804/804
f 805/805 791/791 804/804
f 805/805 806/806 791/791
f 806/806 786/786 791/791
f 786/786 806/806 784/784
f 796/796 807/807 797/797
f 807/807 796/796 808/808
f 809/809 807/807 808/808
f 810/810 798/798 797/797
f 810/810 797/797 807/807
f 811/811 810/810 807/807
f 807/807 812/812 811/811
f 812/812 807/807 809/809
f 813/813 812/812 809/809
f 814/814 815/815 802/802
f 816/816 814/814 802/802
f 816/816 802/802 801/801
f 816/816 801/801 817/817
f 818/818 817/817 801/801
f 800/800 818/818 801/801
f 819/819 818/818 800/800
f 799/799 819/819 800/800
f 819/819 799/799 820/820
f 799/799 798/798 820/820
f 821/821 820/820 798/798
f 810/810 821/821 798/798
f 822/822 821/821 810/810
f 811/811 822/822 810/810
f 811/811 823/823 822/822
f 812/812 823/823 811/811
f 823/823 812/812 824/824
f 812/812 813/813 824/824
f 825/825 816/816 817/817
f 814/814 816/816 825/825
f 826/826 814/814 825/825
f 823/823 827/827 822/822
f 827/827 823/823 828/828
f 828/828 823/823 824/824
f 828/828 824/824 829/829
f 829/829 824/824 830/830
f 831/831 829/829 830/830
f 832/832 831/831 830/830
f 831/831 832/832 833/833
f 833/833 832/832 834/834
f 835/835 831/831 833/833
f 831/831 835/835 836/836
f 837/837 838/838 839/839
f 838/838 836/836 839/839
f 838/838 831/831 836/836
f 838/838 840/840 831/831
f 840/840 829/829 831/831
f 840/840 828/828 829/829
f 840/840 841/841 828/828
f 841/841 842/842 828/828
f 842/842 827/827 828/828
f 838/838 837/837 841/841
f 840/840 838/838 841/841
f 824/824 813/813 830/830
f 830/830 813/813 843/843
f 832/832 830/830 843/843
f 844/844 832/832 843/843
f 832/832 844/844 834/834
f 780/780 834/834 844/844
f 778/778 780/780 844/844
f 778/778 844/844 777/777
f 844/844 843/843 777/777
f 843/843 781/781 777/777
f 813/813 781/781 843/843
f 781/781 813/813 775/775
f 813/813 809/809 775/775
f 774/774 775/775 809/809
f 808/808 774/774 809/809
f 774/774 808/808 789/789
f 808/808 796/796 789/789
f 796/796 788/788 789/789
f 779/779 845/845 780/780
f 845/845 779/779 846/846
f 847/847 845/845 846/846
f 847/847 846/846 848/848
f 849/849 847/847 848/848
f 848/848 850/850 849/849
f 850/850 851/851 849/849
f 851/851 850/850 852/852
f 850/850 853/853 852/852
f 854/854 852/852 853/853
f 855/855 854/854 853/853
f 856/856 854/854 855/855
f 857/857 856/856 855/855
f 857/857 858/858 856/856
f 858/858 857/857 859/859
f 860/860 858/858 859/859
f 860/860 859/859 861/861
f 862/862 860/860 861/861
f 857/857 855/855 859/859
f 855/855 853/853 863/863
f 855/855 863/863 859/859
f 859/859 863/863 864/864
f 861/861 859/859 864/864
f 865/865 861/861 864/864
f 865/865 864/864 866/866
f 867/867 868/868 869/869
f 870/870 869/869 868/868
f 871/871 870/870 868/868
f 872/872 870/870 871/871
f 873/873 872/872 871/871
f 872/872 873/873 874/874
f 875/875 872/872 874/874
f 874/874 876/876 875/875
f 876/876 862/862 875/875
f 860/860 862/862 876/876
f 877/877 860/860 876/876
f 860/860 877/877 878/878
f 858/858 860/860 878/878
f 858/858 878/878 879/879
f 858/858 879/879 856/856
f 878/878 880/880 879/879
f 862/862 861/861 865/865
f 875/875 862/862 865/865
f 865/865 866/866 875/875
f 866/866 872/872 875/875
f 872/872 866/866 881/881
f 870/870 872/872 881/881
f 870/870 881/881 882/882
f 869/869 870/870 882/882
f 869/869 882/882 883/883
f 883/883 867/867 869/869
f 867/867 883/883 884/884
f 883/883 885/885 884/884
f 884/884 885/885 886/886
f 885/885 887/887 886/886
f 888/888 886/886 887/887
f 889/889 888/888 887/887
f 890/890 888/888 889/889
f 891/891 890/890 889/889
f 892/892 889/889 893/893
f 889/889 887/887 893/893
f 893/893 887/887 894/894
f 887/887 885/885 894/894
f 895/895 894/894 885/885
f 883/883 895/895 885/885
f 882/882 895/895 883/883
f 895/895 882/882 896/896
f 896/896 882/882 716/716
f 897/897 896/896 716/716
f 897/897 716/716 718/718
f 897/897 718/718 898/898
f 897/897 898/898 896/896
f 898/898 899/899 896/896
f 896/896 899/899 900/900
f 899/899 901/901 900/900
f 900/900 901/901 902/902
f 903/903 902/902 901/901
f 904/904 900/900 902/902
f 903/903 905/905 902/902
f 905/905 906/906 902/902
f 902/902 906/906 907/907
f 904/904 902/902 907/907
f 904/904 907/907 892/892
f 893/893 904/904 892/892
f 900/900 904/904 893/893
f 894/894 900/900 893/893
f 896/896 900/900 894/894
f 895/895 896/896 894/894
f 898/898 908/908 899/899
f 908/908 909/909 899/899
f 901/901 899/899 909/909
f 910/910 901/901 909/909
f 910/910 903/903 901/901
f 891/891 889/889 911/911
f 889/889 892/892 911/911
f 892/892 912/912 911/911
f 892/892 907/907 912/912
f 907/907 913/913 912/912
f 907/907 906/906 913/913
f 906/906 914/914 913/913
f 915/915 914/914 906/906
f 905/905 915/915 906/906
f 905/905 916/916 915/915
f 916/916 905/905 917/917
f 905/905 903/903 917/917
f 917/917 903/903 918/918
f 903/903 910/910 918/918
f 918/918 910/910 919/919
f 910/910 909/909 919/919
f 919/919 909/909 920/920
f 909/909 908/908 920/920
f 916/916 921/921 915/915
f 912/912 922/922 911/911
f 923/923 924/924 925/925
f 924/924 923/923 920/920
f 926/926 927/927 928/928
f 927/927 929/929 928/928
f 929/929 927/927 930/930
f 927/927 931/931 930/930
f 930/930 931/931 932/932
f 932/932 931/931 933/933
f 931/931 927/927 933/933
f 927/927 934/934 933/933
f 927/927 926/926 934/934
f 926/926 935/935 934/934
f 934/934 935/935 925/925
f 936/936 934/934 925/925
f 924/924 936/936 925/925
f 936/936 924/924 937/937
f 924/924 938/938 937/937
f 937/937 933/933 934/934
f 936/936 937/937 934/934
f 939/939 930/930 932/932
f 940/940 939/939 932/932
f 941/941 940/940 932/932
f 940/940 941/941 942/942
f 941/941 943/943 942/942
f 940/940 942/942 944/944
f 908/908 924/924 920/920
f 924/924 908/908 898/898
f 938/938 924/924 898/898
f 718/718 938/938 898/898
f 937/937 938/938 718/718
f 937/937 718/718 720/720
f 933/933 937/937 720/720
f 733/733 933/933 720/720
f 733/733 932/932 933/933
f 733/733 731/731 932/932
f 731/731 941/941 932/932
f 941/941 731/731 721/721
f 941/941 721/721 943/943
f 943/943 721/721 723/723
f 723/723 945/945 943/943
f 945/945 942/942 943/943
f 945/945 946/946 942/942
f 946/946 944/944 942/942
f 946/946 947/947 944/944
f 947/947 948/948 944/944
f 948/948 947/947 949/949
f 950/950 948/948 949/949
f 950/950 949/949 951/951
f 952/952 950/950 951/951
f 953/953 954/954 955/955
f 956/956 953/953 955/955
f 957/957 956/956 958/958
f 956/956 959/959 958/958
f 959/959 956/956 955/955
f 959/959 955/955 960/960
f 955/955 961/961 960/960
f 962/962 960/960 961/961
f 963/963 962/962 961/961
f 962/962 963/963 964/964
f 965/965 962/962 964/964
f 964/964 966/966 965/965
f 966/966 967/967 965/965
f 966/966 968/968 967/967
f 968/968 969/969 967/967
f 970/970 969/969 968/968
f 969/969 970/970 971/971
f 970/970 972/972 971/971
f 973/973 970/970 968/968
f 958/958 959/959 974/974
f 959/959 960/960 974/974
f 975/975 974/974 960/960
f 962/962 975/975 960/960
f 976/976 975/975 962/962
f 965/965 976/976 962/962
f 976/976 965/965 967/967
f 977/977 976/976 967/967
f 977/977 967/967 969/969
f 971/971 977/977 969/969
f 978/978 968/968 966/966
f 968/968 978/978 979/979
f 973/973 968/968 979/979
f 979/979 980/980 973/973
f 973/973 980/980 970/970
f 980/980 981/981 970/970
f 970/970 981/981 972/972
f 981/981 982/982 972/972
f 982/982 981/981 983/983
f 981/981 984/984 983/983
f 983/983 984/984 985/985
f 984/984 986/986 985/985
f 986/986 987/987 985/985
f 988/988 987/987 986/986
f 989/989 988/988 986/986
f 988/988 989/989 990/990
f 989/989 991/991 990/990
f 990/990 991/991 992/992
f 979/979 978/978 993/993
f 979/979 993/993 991/991
f 989/989 979/979 991/991
f 979/979 989/989 980/980
f 989/989 986/986 980/980
f 986/986 984/984 980/980
f 984/984 981/981 980/980
f 994/994 983/983 985/985
f 995/995 990/990 992/992
f 995/995 992/992 996/996
f 992/992 997/997 996/996
f 997/997 992/992 998/998
f 999/999 997/997 998/998
f 999/999 1000/1000 997/997
f 1000/1000 1001/1001 997/997
f 1000/1000 1002/1002 1001/1001
f 1002/1002 1003/1003 1001/1001
f 1004/1004 1001/1001 1003/1003
f 1005/1005 1004/1004 1003/1003
f 996/996 997/997 1001/1001
f 1004/1004 996/996 1001/1001
f 992/992 991/991 993/993
f 998/998 992/992 993/993
f 998/998 993/993 1006/1006
f 998/998 1006/1006 999/999
f 1006/1006 1007/1007 999/999
f 999/999 1007/1007 1000/1000
f 1007/1007 1008/1008 1000/1000
f 1000/1000 1008/1008 1002/1002
f 1008/1008 1009/1009 1002/1002
f 1010/1010 1009/1009 1008/1008
f 1011/1011 1010/1010 1008/1008
f 1010/1010 1011/1011 1012/1012
f 1011/1011 1013/1013 1012/1012
f 1013/1013 1014/1014 1012/1012
f 1013/1013 1015/1015 1014/1014
f 1015/1015 1016/1016 1014/1014
f 1017/1017 1016/1016 1015/1015
f 1018/1018 1017/1017 1015/1015
f 1011/1011 1008/1008 1007/1007
f 1019/1019 978/978 966/966
f 978/978 1019/1019 1020/1020
f 978/978 1020/1020 993/993
f 993/993 1020/1020 1006/1006
f 1006/1006 1020/1020 1021/1021
f 1006/1006 1021/1021 1007/1007
f 1021/1021 1022/1022 1007/1007
f 1022/1022 1011/1011 1007/1007
f 1011/1011 1022/1022 1023/1023
f 1013/1013 1011/1011 1023/1023
f 1023/1023 1024/1024 1013/1013
f 1024/1024 1015/1015 1013/1013
f 1024/1024 1025/1025 1015/1015
f 1025/1025 1018/1018 1015/1015
f 1018/1018 1025/1025 1026/1026
f 1026/1026 1025/1025 1027/1027
f 1025/1025 1028/1028 1027/1027
f 1028/1028 1029/1029 1027/1027
f 1030/1030 1024/1024 1023/1023
f 1031/1031 1030/1030 1023/1023
f 1023/1023 1022/1022 1031/1031
f 1022/1022 1021/1021 1031/1031
f 1029/1029 1032/1032 1027/1027
f 1033/1033 1032/1032 1029/1029
f 1034/1034 1033/1033 1029/1029
f 1035/1035 1029/1029 1028/1028
f 1034/1034 1029/1029 1035/1035
f 1036/1036 1034/1034 1035/1035
f 1036/1036 1035/1035 1037/1037
f 1038/1038 1036/1036 1037/1037
f 1037/1037 1039/1039 1038/1038
f 1039/1039 1019/1019 1038/1038
f 1019/1019 1039/1039 1020/1020
f 1020/1020 1039/1039 1021/1021
f 1021/1021 1039/1039 1037/1037
f 1031/1031 1021/1021 1037/1037
f 1037/1037 1035/1035 1031/1031
f 1035/1035 1030/1030 1031/1031
f 1030/1030 1035/1035 1028/1028
f 1030/1030 1028/1028 1024/1024
f 1028/1028 1025/1025 1024/1024
f 1017/1017 1018/1018 1040/1040
f 1040/1040 1018/1018 1026/1026
f 1026/1026 1041/1041 1040/1040
f 1041/1041 1026/1026 1042/1042
f 1026/1026 1027/1027 1042/1042
f 1043/1043 1042/1042 1027/1027
f 1032/1032 1043/1043 1027/1027
f 1043/1043 1032/1032 954/954
f 1032/1032 1033/1033 954/954
f 954/954 1033/1033 955/955
f 1033/1033 1034/1034 955/955
f 1034/1034 961/961 955/955
f 1034/1034 1036/1036 961/961
f 1036/1036 963/963 961/961
f 963/963 1036/1036 1038/1038
f 964/964 963/963 1038/1038
f 1038/1038 1019/1019 964/964
f 1019/1019 966/966 964/964
f 1044/1044 1017/1017 1040/1040
f 1040/1040 1045/1045 1044/1044
f 1041/1041 1045/1045 1040/1040
f 1046/1046 1047/1047 1048/1048
f 1049/1049 1050/1050 1051/1051
f 1052/1052 1049/1049 1051/1051
f 1053/1053 1054/1054 1055/1055
f 1056/1056 1053/1053 1055/1055
f 1055/1055 1057/1057 1056/1056
f 1058/1058 1059/1059 1060/1060
f 1061/1061 1058/1058 1060/1060
f 1062/1062 1058/1058 1061/1061
f 1063/1063 1062/1062 1061/1061
f 1064/1064 1062/1062 1063/1063
f 1065/1065 1064/1064 1063/1063
f 1064/1064 1065/1065 1066/1066
f 1067/1067 1064/1064 1066/1066
f 1068/1068 1069/1069 1070/1070
f 1068/1068 1071/1071 1069/1069
f 1072/1072 1073/1073 1074/1074
f 1075/1075 1076/1076 1077/1077
f 1075/1075 1077/1077 1074/1074
f 1078/1078 1075/1075 1074/1074
f 1073/1073 1078/1078 1074/1074
f 1078/1078 1073/1073 1079/1079
f 1078/1078 1079/1079 1080/1080
f 1079/1079 1081/1081 1080/1080
f 1080/1080 1081/1081 1082/1082
f 1081/1081 1083/1083 1082/1082
f 1082/1082 1083/1083 1084/1084
f 1083/1083 1085/1085 1084/1084
f 1084/1084 1085/1085 1086/1086
f 1085/1085 1087/1087 1086/1086
f 1087/1087 1088/1088 1086/1086
f 1088/1088 1087/1087 1089/1089
f 1088/1088 1089/1089 1090/1090
f 1075/1075 1078/1078 1080/1080
f 1075/1075 1080/1080 1082/1082
f 1076/1076 1075/1075 1082/1082
f 1076/1076 1082/1082 1084/1084
f 1091/1091 1076/1076 1084/1084
f 1091/1091 1084/1084 1086/1086
f 1092/1092 1091/1091 1086/1086
f 1092/1092 1086/1086 1088/1088
f 1081/1081 1079/1079 1093/1093
f 1094/1094 1081/1081 1093/1093
f 1083/1083 1081/1081 1094/1094
f 1095/1095 1083/1083 1094/1094
f 1085/1085 1083/1083 1095/1095
f 1096/1096 1085/1085 1095/1095
f 1087/1087 1085/1085 1096/1096
f 1097/1097 1087/1087 1096/1096
f 1087/1087 1097/1097 1089/1089
f 1098/1098 1089/1089 1097/1097
f 1089/1089 1098/1098 1090/1090
f 1098/1098 1099/1099 1090/1090
f 1098/1098 1100/1100 1099/1099
f 1099/1099 1100/1100 1101/1101
f 1100/1100 1093/1093 1101/1101
f 1102/1102 1101/1101 1093/1093
f 1103/1103 1102/1102 1093/1093
f 1102/1102 1103/1103 1104/1104
f 1096/1096 1098/1098 1097/1097
f 1098/1098 1096/1096 1095/1095
f 1100/1100 1098/1098 1095/1095
f 1100/1100 1095/1095 1094/1094
f 1093/1093 1100/1100 1094/1094
f 1105/1105 1106/1106 1107/1107
f 1108/1108 1105/1105 1107/1107
f 1107/1107 1109/1109 1108/1108
f 1109/1109 1110/1110 1108/1108
f 1109/1109 1111/1111 1110/1110
f 1111/1111 1112/1112 1110/1110
f 1112/1112 1111/1111 1113/1113
f 1090/1090 1112/1112 1113/1113
f 1114/1114 1090/1090 1113/1113
f 1114/1114 1088/1088 1090/1090
f 1115/1115 1088/1088 1114/1114
f 1115/1115 1092/1092 1088/1088
f 1092/1092 1115/1115 1116/1116
f 1091/1091 1092/1092 1116/1116
f 1117/1117 1091/1091 1116/1116
f 1091/1091 1117/1117 1118/1118
f 1076/1076 1091/1091 1118/1118
f 1076/1076 1118/1118 1077/1077
f 1119/1119 1105/1105 1108/1108
f 1120/1120 1119/1119 1108/1108
f 1120/1120 1108/1108 1110/1110
f 1112/1112 1120/1120 1110/1110
f 1115/1115 1121/1121 1116/1116
f 1121/1121 1115/1115 1122/1122
f 1115/1115 1123/1123 1122/1122
f 1123/1123 1113/1113 1122/1122
f 1123/1123 1114/1114 1113/1113
f 1123/1123 1115/1115 1114/1114
f 1124/1124 1125/1125 1126/1126
f 1127/1127 1128/1128 1129/1129
f 1130/1130 1127/1127 1129/1129
f 1131/1131 1127/1127 1130/1130
f 1132/1132 1131/1131 1130/1130
f 1133/1133 1134/1134 1135/1135
f 1136/1136 1133/1133 1135/1135
f 1137/1137 1136/1136 1135/1135
f 1138/1138 1137/1137 1135/1135
f 1139/1139 1138/1138 1135/1135
f 1140/1140 1139/1139 1135/1135
f 1141/1141 1142/1142 1143/1143
f 1143/1143 1144/1144 1141/1141
f 1144/1144 1145/1145 1141/1141
f 1106/1106 1146/1146 1147/1147
f 1107/1107 1106/1106 1147/1147
f 1107/1107 1147/1147 1148/1148
f 1109/1109 1107/1107 1148/1148
f 1148/1148 1149/1149 1109/1109
f 1149/1149 1111/1111 1109/1109
f 1111/1111 1149/1149 1150/1150
f 1151/1151 1152/1152 1153/1153
f 1154/1154 1151/1151 1153/1153
f 1155/1155 1156/1156 1157/1157
f 1158/1158 1155/1155 1157/1157
f 1159/1159 1160/1160 1161/1161
f 1162/1162 1159/1159 1161/1161
f 1163/1163 1164/1164 1165/1165
f 1166/1166 1163/1163 1165/1165
f 1166/1166 1165/1165 1167/1167
f 1168/1168 1166/1166 1167/1167
f 1169/1169 1170/1170 1171/1171
f 1172/1172 1170/1170 1169/1169
f 1173/1173 1172/1172 1169/1169
f 1174/1174 1170/1170 1172/1172
f 1175/1175 1174/1174 1172/1172
f 1170/1170 1176/1176 1171/1171
f 1176/1176 1177/1177 1171/1171
f 1177/1177 1178/1178 1171/1171
f 1171/1171 1178/1178 1179/1179
f 1180/1180 1171/1171 1179/1179
f 1180/1180 1181/1181 1171/1171
f 1181/1181 1169/1169 1171/1171
f 1181/1181 1182/1182 1169/1169
f 1182/1182 1173/1173 1169/1169
f 1173/1173 1182/1182 1183/1183
f 1172/1172 1173/1173 1183/1183
f 1184/1184 1172/1172 1183/1183
f 1184/1184 1175/1175 1172/1172
f 1185/1185 1175/1175 1184/1184
f 1186/1186 1185/1185 1184/1184
f 1187/1187 1185/1185 1186/1186
f 1188/1188 1187/1187 1186/1186
f 1188/1188 1186/1186 1189/1189
f 1190/1190 1182/1182 1181/1181
f 1191/1191 1192/1192 1193/1193
f 1192/1192 1194/1194 1193/1193
f 1195/1195 1193/1193 1194/1194
f 1190/1190 1195/1195 1194/1194
f 1182/1182 1190/1190 1194/1194
f 1196/1196 1182/1182 1194/1194
f 1182/1182 1196/1196 1183/1183
f 1196/1196 1197/1197 1183/1183
f 1197/1197 1198/1198 1183/1183
f 1184/1184 1183/1183 1198/1198
f 1186/1186 1184/1184 1198/1198
f 1196/1196 1194/1194 1197/1197
f 1194/1194 1192/1192 1197/1197
f 1186/1186 1198/1198 1189/1189
f 1199/1199 1189/1189 1198/1198
f 1197/1197 1199/1199 1198/1198
f 1199/1199 1197/1197 1200/1200
f 1197/1197 1192/1192 1200/1200
f 1201/1201 1200/1200 1192/1192
f 1191/1191 1201/1201 1192/1192
f 626/626 1201/1201 1191/1191
f 624/624 626/626 1191/1191
f 624/624 1191/1191 1193/1193
f 1202/1202 624/624 1193/1193
f 1202/1202 1193/1193 1195/1195
f 1203/1203 1202/1202 1195/1195
f 1177/1177 1204/1204 1205/1205
f 1178/1178 1177/1177 1205/1205
f 1178/1178 1205/1205 1206/1206
f 1179/1179 1178/1178 1206/1206
f 1179/1179 1206/1206 649/649
f 1179/1179 649/649 1180/1180
f 649/649 650/650 1180/1180
f 1181/1181 1180/1180 650/650
f 652/652 1181/1181 650/650
f 652/652 1190/1190 1181/1181
f 1190/1190 652/652 651/651
f 1195/1195 1190/1190 651/651
f 1195/1195 651/651 644/644
f 1203/1203 1195/1195 644/644
f 636/636 1203/1203 644/644
f 1202/1202 1203/1203 636/636
f 625/625 1202/1202 636/636
f 624/624 1202/1202 625/625
f 676/676 661/661 649/649
f 1206/1206 676/676 649/649
f 676/676 1206/1206 677/677
f 1206/1206 1207/1207 677/677
f 1207/1207 1206/1206 1205/1205
f 1208/1208 1207/1207 1205/1205
f 1208/1208 1205/1205 1209/1209
f 1205/1205 1204/1204 1209/1209
f 1204/1204 1210/1210 1209/1209
f 1211/1211 1212/1212 1213/1213
f 1214/1214 1211/1211 1213/1213
f 1215/1215 1216/1216 1217/1217
f 1218/1218 1215/1215 1217/1217
f 1219/1219 1220/1220 1221/1221
f 1222/1222 1219/1219 1221/1221
f 1223/1223 1219/1219 1222/1222
f 1224/1224 1223/1223 1222/1222
f 1225/1225 1226/1226 1227/1227
f 1228/1228 1225/1225 1227/1227
f 1229/1229 1225/1225 1228/1228
f 1230/1230 1229/1229 1228/1228
f 1231/1231 1229/1229 1230/1230
f 1232/1232 1231/1231 1230/1230
f 1233/1233 1231/1231 1232/1232
f 1234/1234 1233/1233 1232/1232
f 1102/1102 1104/1104 1235/1235
f 1104/1104 1236/1236 1235/1235
f 1235/1235 1236/1236 1237/1237
f 1236/1236 1238/1238 1237/1237
f 1238/1238 1239/1239 1237/1237
f 1239/1239 1240/1240 1237/1237
f 1240/1240 1241/1241 1237/1237
f 1235/1235 1237/1237 1241/1241
f 1242/1242 1235/1235 1241/1241
f 1235/1235 1242/1242 1101/1101
f 1102/1102 1235/1235 1101/1101
f 1243/1243 1244/1244 1241/1241
f 1240/1240 1243/1243 1241/1241
f 1245/1245 1243/1243 1240/1240
f 1239/1239 1245/1245 1240/1240
f 1246/1246 1245/1245 1239/1239
f 1247/1247 1246/1246 1239/1239
f 1247/1247 1239/1239 1238/1238
f 1248/1248 1247/1247 1238/1238
f 1249/1249 1248/1248 1238/1238
f 1250/1250 1249/1249 1238/1238
f 1236/1236 1250/1250 1238/1238
f 1250/1250 1236/1236 1251/1251
f 1236/1236 1104/1104 1251/1251
f 1251/1251 1104/1104 1252/1252
f 1073/1073 1252/1252 1104/1104
f 1103/1103 1073/1073 1104/1104
f 1073/1073 1103/1103 1079/1079
f 1103/1103 1093/1093 1079/1079
f 1253/1253 1254/1254 1255/1255
f 1256/1256 742/742 743/743
f 754/754 1256/1256 743/743
f 754/754 1257/1257 1256/1256
f 754/754 745/745 1257/1257
f 745/745 1255/1255 1257/1257
f 1255/1255 745/745 747/747
f 749/749 1255/1255 747/747
f 749/749 1253/1253 1255/1255
f 1253/1253 749/749 735/735
f 1253/1253 735/735 736/736
f 1253/1253 736/736 1254/1254
f 736/736 738/738 1254/1254
f 1258/1258 1254/1254 738/738
f 1255/1255 1254/1254 1258/1258
f 1257/1257 1255/1255 1258/1258
f 1258/1258 1259/1259 1257/1257
f 1259/1259 1260/1260 1257/1257
f 1257/1257 1260/1260 1256/1256
f 739/739 736/736 716/716
f 739/739 716/716 882/882
f 881/881 739/739 882/882
f 739/739 881/881 866/866
f 866/866 738/738 739/739
f 864/864 738/738 866/866
f 864/864 1258/1258 738/738
f 864/864 863/863 1258/1258
f 863/863 1259/1259 1258/1258
f 853/853 1259/1259 863/863
f 853/853 850/850 1259/1259
f 850/850 1260/1260 1259/1259
f 850/850 848/848 1260/1260
f 848/848 1256/1256 1260/1260
f 848/848 846/846 1256/1256
f 846/846 742/742 1256/1256
f 846/846 779/779 742/742
f 779/779 740/740 742/742
f 1261/1261 1262/1262 1263/1263
f 1264/1264 1262/1262 1261/1261
f 1265/1265 1264/1264 1261/1261
f 1266/1266 1265/1265 1261/1261
f 1267/1267 1268/1268 1269/1269
f 1270/1270 1267/1267 1269/1269
f 1270/1270 1269/1269 1266/1266
f 1271/1271 1270/1270 1266/1266
f 1271/1271 1266/1266 1261/1261
f 1261/1261 1272/1272 1271/1271
f 1272/1272 1261/1261 1263/1263
f 1273/1273 1272/1272 1263/1263
f 1274/1274 1273/1273 1263/1263
f 1273/1273 1274/1274 1275/1275
f 1274/1274 1276/1276 1275/1275
f 1276/1276 1277/1277 1275/1275
f 1277/1277 1278/1278 1275/1275
f 1278/1278 1279/1279 1275/1275
f 1279/1279 1280/1280 1275/1275
f 1280/1280 1279/1279 1281/1281
f 1282/1282 1280/1280 1281/1281
f 1283/1283 1282/1282 1281/1281
f 1270/1270 1284/1284 1267/1267
f 1284/1284 1270/1270 1271/1271
f 1285/1285 1284/1284 1271/1271
f 1272/1272 1285/1285 1271/1271
f 1282/1282 1285/1285 1272/1272
f 1273/1273 1282/1282 1272/1272
f 1282/1282 1273/1273 1280/1280
f 1273/1273 1275/1275 1280/1280
f 1282/1282 1284/1284 1285/1285
f 1284/1284 1282/1282 1283/1283
f 1286/1286 1284/1284 1283/1283
f 1284/1284 1286/1286 1267/1267
f 1286/1286 1287/1287 1267/1267
f 1287/1287 1288/1288 1267/1267
f 1287/1287 1289/1289 1288/1288
f 1289/1289 1290/1290 1288/1288
f 1290/1290 1289/1289 1291/1291
f 1291/1291 1289/1289 1292/1292
f 1292/1292 1293/1293 1291/1291
f 1293/1293 1292/1292 1294/1294
f 1293/1293 1294/1294 1295/1295
f 1294/1294 1296/1296 1295/1295
f 1296/1296 1297/1297 1295/1295
f 1298/1298 1297/1297 1296/1296
f 1299/1299 1298/1298 1296/1296
f 1293/1293 1300/1300 1291/1291
f 1301/1301 1296/1296 1294/1294
f 1302/1302 1303/1303 1300/1300
f 1293/1293 1302/1302 1300/1300
f 1302/1302 1293/1293 1295/1295
f 1295/1295 1297/1297 1304/1304
f 1305/1305 1295/1295 1304/1304
f 1295/1295 1305/1305 1302/1302
f 1305/1305 1306/1306 1302/1302
f 1306/1306 1307/1307 1302/1302
f 1307/1307 1303/1303 1302/1302
f 1308/1308 1303/1303 1307/1307
f 1303/1303 1308/1308 1300/1300
f 1308/1308 1309/1309 1300/1300
f 1291/1291 1300/1300 1309/1309
f 1310/1310 1291/1291 1309/1309
f 1310/1310 1290/1290 1291/1291
f 1290/1290 1310/1310 1311/1311
f 1312/1312 1290/1290 1311/1311
f 1312/1312 1313/1313 1290/1290
f 1313/1313 1288/1288 1290/1290
f 1313/1313 1268/1268 1288/1288
f 1268/1268 1267/1267 1288/1288
f 1314/1314 1308/1308 1307/1307
f 1314/1314 1315/1315 1308/1308
f 1315/1315 1316/1316 1308/1308
f 1308/1308 1316/1316 1309/1309
f 1316/1316 1317/1317 1309/1309
f 1310/1310 1309/1309 1317/1317
f 1311/1311 1310/1310 1317/1317
f 1318/1318 1319/1319 1320/1320
f 1321/1321 1318/1318 1320/1320
f 1321/1321 1320/1320 1322/1322
f 1323/1323 1321/1321 1322/1322
f 1322/1322 1324/1324 1323/1323
f 1324/1324 1325/1325 1323/1323
f 1324/1324 1326/1326 1325/1325
f 1326/1326 1327/1327 1325/1325
f 1327/1327 1326/1326 1328/1328
f 1329/1329 1327/1327 1328/1328
f 806/806 1330/1330 784/784
f 783/783 784/784 1330/1330
f 1331/1331 783/783 1330/1330
f 770/770 783/783 1331/1331
f 767/767 770/770 1331/1331
f 802/802 815/815 1332/1332
f 1333/1333 802/802 1332/1332
f 802/802 1333/1333 1334/1334
f 803/803 802/802 1334/1334
f 803/803 1334/1334 1335/1335
f 804/804 803/803 1335/1335
f 1336/1336 804/804 1335/1335
f 1336/1336 805/805 804/804
f 1336/1336 1337/1337 805/805
f 1337/1337 1338/1338 805/805
f 805/805 1338/1338 806/806
f 1338/1338 1339/1339 806/806
f 806/806 1339/1339 1330/1330
f 1339/1339 1340/1340 1330/1330
f 1330/1330 1340/1340 1331/1331
f 1340/1340 1341/1341 1331/1331
f 1331/1331 1341/1341 768/768
f 767/767 1331/1331 768/768
f 1342/1342 1336/1336 1335/1335
f 1336/1336 1342/1342 1343/1343
f 1337/1337 1336/1336 1343/1343
f 768/768 1344/1344 769/769
f 769/769 1344/1344 1345/1345
f 1346/1346 769/769 1345/1345
f 769/769 1346/1346 1347/1347
f 771/771 769/769 1347/1347
f 1348/1348 1349/1349 1350/1350
f 1351/1351 1348/1348 1350/1350
f 1348/1348 1351/1351 1345/1345
f 1351/1351 1346/1346 1345/1345
f 1351/1351 1352/1352 1346/1346
f 1352/1352 1347/1347 1346/1346
f 1353/1353 1347/1347 1352/1352
f 1347/1347 1353/1353 771/771
f 1353/1353 1354/1354 771/771
f 771/771 1354/1354 766/766
f 766/766 1354/1354 764/764
f 764/764 1354/1354 1355/1355
f 764/764 1355/1355 765/765
f 1355/1355 1356/1356 765/765
f 1356/1356 1357/1357 765/765
f 1356/1356 1358/1358 1357/1357
f 1357/1357 1358/1358 1359/1359
f 1358/1358 1360/1360 1359/1359
f 1353/1353 1361/1361 1356/1356
f 1355/1355 1353/1353 1356/1356
f 1354/1354 1353/1353 1355/1355
f 1362/1362 1363/1363 1352/1352
f 1350/1350 1362/1362 1352/1352
f 1351/1351 1350/1350 1352/1352
f 1361/1361 1353/1353 1352/1352
f 1363/1363 1361/1361 1352/1352
f 1356/1356 1361/1361 1363/1363
f 1364/1364 1356/1356 1363/1363
f 1356/1356 1364/1364 1358/1358
f 1364/1364 1365/1365 1358/1358
f 1364/1364 1366/1366 1365/1365
f 1360/1360 1358/1358 1365/1365
f 1367/1367 1360/1360 1365/1365
f 1367/1367 1365/1365 1366/1366
f 1368/1368 1367/1367 1366/1366
f 1368/1368 1366/1366 1369/1369
f 753/753 1370/1370 737/737
f 753/753 763/763 1370/1370
f 1370/1370 763/763 1371/1371
f 763/763 765/765 1371/1371
f 1372/1372 1371/1371 765/765
f 1357/1357 1372/1372 765/765
f 1373/1373 1372/1372 1357/1357
f 1359/1359 1373/1373 1357/1357
f 1359/1359 1374/1374 1373/1373
f 1359/1359 1360/1360 1374/1374
f 1360/1360 1375/1375 1374/1374
f 1375/1375 1360/1360 1376/1376
f 1360/1360 1367/1367 1376/1376
f 1376/1376 1367/1367 1377/1377
f 1367/1367 1368/1368 1377/1377
f 1368/1368 1378/1378 1377/1377
f 1378/1378 1368/1368 1369/1369
f 1369/1369 1379/1379 1378/1378
f 1379/1379 1380/1380 1378/1378
f 1379/1379 1381/1381 1380/1380
f 1381/1381 1382/1382 1380/1380
f 1374/1374 1383/1383 1373/1373
f 1384/1384 1373/1373 1383/1383
f 1373/1373 1384/1384 1371/1371
f 1372/1372 1373/1373 1371/1371
f 737/737 1370/1370 1371/1371
f 1384/1384 737/737 1371/1371
f 737/737 1384/1384 1385/1385
f 1386/1386 1385/1385 1384/1384
f 1383/1383 1386/1386 1384/1384
f 1386/1386 1383/1383 1387/1387
f 1388/1388 1389/1389 1390/1390
f 1391/1391 1388/1388 1390/1390
f 1392/1392 1391/1391 1390/1390
f 1393/1393 1392/1392 1390/1390
f 1394/1394 1393/1393 1390/1390
f 1395/1395 1394/1394 1390/1390
f 1396/1396 1397/1397 1398/1398
f 1399/1399 1396/1396 1398/1398
f 1400/1400 1401/1401 1402/1402
f 1401/1401 1400/1400 1403/1403
f 1404/1404 1401/1401 1403/1403
f 1279/1279 1405/1405 1281/1281
f 1281/1281 1405/1405 1404/1404
f 1405/1405 1406/1406 1404/1404
f 1406/1406 1407/1407 1404/1404
f 1407/1407 1401/1401 1404/1404
f 1401/1401 1407/1407 1301/1301
f 1402/1402 1401/1401 1301/1301
f 1402/1402 1301/1301 1294/1294
f 1292/1292 1402/1402 1294/1294
f 1292/1292 1400/1400 1402/1402
f 1289/1289 1400/1400 1292/1292
f 1400/1400 1289/1289 1287/1287
f 1403/1403 1400/1400 1287/1287
f 1403/1403 1287/1287 1286/1286
f 1283/1283 1403/1403 1286/1286
f 1403/1403 1283/1283 1404/1404
f 1283/1283 1281/1281 1404/1404
f 1296/1296 1301/1301 1299/1299
f 1301/1301 1408/1408 1299/1299
f 1301/1301 1407/1407 1408/1408
f 1407/1407 1409/1409 1408/1408
f 1409/1409 1407/1407 1406/1406
f 1410/1410 1409/1409 1406/1406
f 1406/1406 1405/1405 1410/1410
f 1405/1405 1411/1411 1410/1410
f 1405/1405 1279/1279 1411/1411
f 1279/1279 1412/1412 1411/1411
f 1412/1412 1279/1279 1278/1278
f 1413/1413 1412/1412 1278/1278
f 1278/1278 1277/1277 1413/1413
f 1277/1277 1414/1414 1413/1413
f 1414/1414 1415/1415 1413/1413
f 1415/1415 1416/1416 1413/1413
f 1415/1415 1417/1417 1416/1416
f 1417/1417 1418/1418 1416/1416
f 1412/1412 1413/1413 1416/1416
f 1419/1419 1412/1412 1416/1416
f 1412/1412 1419/1419 1420/1420
f 1411/1411 1412/1412 1420/1420
f 1410/1410 1411/1411 1420/1420
f 1419/1419 1416/1416 1418/1418
f 1421/1421 1419/1419 1418/1418
f 1419/1419 1421/1421 1422/1422
f 1420/1420 1419/1419 1422/1422
f 1423/1423 1420/1420 1422/1422
f 1423/1423 1410/1410 1420/1420
f 1423/1423 1424/1424 1410/1410
f 1424/1424 1409/1409 1410/1410
f 1409/1409 1424/1424 1425/1425
f 1408/1408 1409/1409 1425/1425
f 1408/1408 1425/1425 1426/1426
f 1299/1299 1408/1408 1426/1426
f 1426/1426 1427/1427 1299/1299
f 1427/1427 1298/1298 1299/1299
f 1298/1298 1427/1427 1428/1428
f 1429/1429 1298/1298 1428/1428
f 1298/1298 1429/1429 1297/1297
f 1429/1429 1304/1304 1297/1297
f 1430/1430 1423/1423 1422/1422
f 1430/1430 1431/1431 1423/1423
f 1423/1423 1431/1431 1432/1432
f 1424/1424 1423/1423 1432/1432
f 1424/1424 1432/1432 1433/1433
f 1425/1425 1424/1424 1433/1433
f 1426/1426 1425/1425 1433/1433
f 1434/1434 1426/1426 1433/1433
f 1434/1434 1435/1435 1426/1426
f 1435/1435 1427/1427 1426/1426
f 1427/1427 1435/1435 1428/1428
f 1436/1436 1437/1437 1438/1438
f 1439/1439 1436/1436 1438/1438
f 1439/1439 1438/1438 1440/1440
f 1441/1441 1442/1442 1440/1440
f 1438/1438 1441/1441 1440/1440
f 1443/1443 1441/1441 1438/1438
f 1437/1437 1443/1443 1438/1438
f 1444/1444 1443/1443 1437/1437
f 1445/1445 1444/1444 1437/1437
f 1444/1444 1445/1445 1446/1446
f 1445/1445 1447/1447 1446/1446
f 1446/1446 1447/1447 1448/1448
f 1447/1447 1449/1449 1448/1448
f 1450/1450 1449/1449 1447/1447
f 1451/1451 1450/1450 1447/1447
f 1451/1451 1447/1447 1445/1445
f 1452/1452 1451/1451 1445/1445
f 1452/1452 1445/1445 1437/1437
f 1453/1453 1454/1454 1455/1455
f 1454/1454 1456/1456 1455/1455
f 1454/1454 1457/1457 1456/1456
f 1457/1457 1458/1458 1456/1456
f 1457/1457 1459/1459 1458/1458
f 1458/1458 1459/1459 1460/1460
f 1460/1460 1459/1459 1461/1461
f 1459/1459 1462/1462 1461/1461
f 1461/1461 1462/1462 1463/1463
f 1462/1462 1464/1464 1463/1463
f 1463/1463 1464/1464 1465/1465
f 1464/1464 1466/1466 1465/1465
f 1465/1465 1466/1466 1467/1467
f 1466/1466 1468/1468 1467/1467
f 1469/1469 1467/1467 1468/1468
f 1470/1470 1469/1469 1468/1468
f 1442/1442 1469/1469 1470/1470
f 1440/1440 1442/1442 1470/1470
f 1471/1471 1472/1472 1462/1462
f 1471/1471 1462/1462 1459/1459
f 1473/1473 1471/1471 1459/1459
f 1474/1474 1475/1475 1455/1455
f 1456/1456 1474/1474 1455/1455
f 1476/1476 1474/1474 1456/1456
f 1458/1458 1476/1476 1456/1456
f 1476/1476 1458/1458 1460/1460
f 1477/1477 1478/1478 1479/1479
f 1480/1480 1481/1481 1482/1482
f 1483/1483 1480/1480 1482/1482
f 1480/1480 1483/1483 1484/1484
f 1483/1483 1485/1485 1484/1484
f 1485/1485 1486/1486 1484/1484
f 1485/1485 1487/1487 1486/1486
f 1487/1487 1488/1488 1486/1486
f 1489/1489 1488/1488 1487/1487
f 1490/1490 1489/1489 1487/1487
f 1489/1489 1490/1490 1491/1491
f 1478/1478 1489/1489 1491/1491
f 1492/1492 1493/1493 1494/1494
f 1495/1495 1496/1496 1497/1497
f 1498/1498 1495/1495 1497/1497
f 1498/1498 1499/1499 1495/1495
f 1495/1495 1499/1499 1500/1500
f 1501/1501 1495/1495 1500/1500
f 1501/1501 1500/1500 1502/1502
f 1503/1503 1501/1501 1502/1502
f 1504/1504 1503/1503 1502/1502
f 1505/1505 1504/1504 1502/1502
f 1505/1505 1494/1494 1504/1504
f 1494/1494 1506/1506 1504/1504
f 1507/1507 1508/1508 1509/1509
f 1510/1510 1511/1511 1512/1512
f 1513/1513 1510/1510 1512/1512
f 1514/1514 1510/1510 1513/1513
f 1515/1515 1514/1514 1513/1513
f 1516/1516 1514/1514 1515/1515
f 1517/1517 1516/1516 1515/1515
f 1518/1518 1516/1516 1517/1517
f 1519/1519 1518/1518 1517/1517
f 1520/1520 1521/1521 1522/1522
f 1523/1523 1520/1520 1522/1522
f 1524/1524 1525/1525 1526/1526
f 1527/1527 1524/1524 1526/1526
f 1528/1528 1524/1524 1527/1527
f 1529/1529 1528/1528 1527/1527
f 1529/1529 1527/1527 1530/1530
f 1531/1531 1529/1529 1530/1530
f 1530/1530 1527/1527 1526/1526
f 1532/1532 1533/1533 1525/1525
f 1524/1524 1532/1532 1525/1525
f 1534/1534 1532/1532 1524/1524
f 1528/1528 1534/1534 1524/1524
f 1528/1528 1535/1535 1534/1534
f 1535/1535 1528/1528 1529/1529
f 1536/1536 1535/1535 1529/1529
f 1531/1531 1536/1536 1529/1529
f 1537/1537 1536/1536 1531/1531
f 1538/1538 1537/1537 1531/1531
f 1538/1538 1539/1539 1537/1537
f 1540/1540 1539/1539 1538/1538
f 1540/1540 1541/1541 1539/1539
f 1541/1541 1540/1540 1542/1542
f 1542/1542 1543/1543 1541/1541
f 1544/1544 1543/1543 1542/1542
f 1545/1545 1540/1540 1538/1538
f 1546/1546 1534/1534 1535/1535
f 1547/1547 1546/1546 1535/1535
f 1547/1547 1535/1535 1536/1536
f 1537/1537 1547/1547 1536/1536
f 1548/1548 1547/1547 1537/1537
f 1539/1539 1548/1548 1537/1537
f 1541/1541 1548/1548 1539/1539
f 1547/1547 1548/1548 1546/1546
f 1549/1549 1546/1546 1548/1548
f 1541/1541 1549/1549 1548/1548
f 1543/1543 1549/1549 1541/1541
f 1550/1550 1545/1545 1551/1551
f 1540/1540 1545/1545 1550/1550
f 1540/1540 1550/1550 1552/1552
f 1540/1540 1552/1552 1542/1542
f 1542/1542 1552/1552 1553/1553
f 1553/1553 1544/1544 1542/1542
f 1544/1544 1553/1553 1554/1554
f 1555/1555 1544/1544 1554/1554
f 1555/1555 1554/1554 1556/1556
f 1557/1557 1555/1555 1556/1556
f 1557/1557 1556/1556 1558/1558
f 1556/1556 1559/1559 1558/1558
f 1558/1558 1559/1559 1560/1560
f 1560/1560 1559/1559 1561/1561
f 1559/1559 1562/1562 1561/1561
f 1561/1561 1562/1562 1563/1563
f 1562/1562 1564/1564 1563/1563
f 1563/1563 1564/1564 1565/1565
f 1554/1554 1553/1553 1566/1566
f 1556/1556 1554/1554 1566/1566
f 1567/1567 1568/1568 1569/1569
f 1567/1567 1569/1569 1570/1570
f 1571/1571 1567/1567 1570/1570
f 1571/1571 1570/1570 1572/1572
f 1564/1564 1571/1571 1572/1572
f 1573/1573 1571/1571 1564/1564
f 1562/1562 1573/1573 1564/1564
f 1574/1574 1573/1573 1562/1562
f 1559/1559 1574/1574 1562/1562
f 1575/1575 1574/1574 1559/1559
f 1556/1556 1575/1575 1559/1559
f 1576/1576 1575/1575 1556/1556
f 1576/1576 1556/1556 1566/1566
f 1566/1566 1577/1577 1576/1576
f 1577/1577 1578/1578 1576/1576
f 1578/1578 1577/1577 1579/1579
f 1579/1579 1580/1580 1578/1578
f 1578/1578 1580/1580 1581/1581
f 1580/1580 1582/1582 1581/1581
f 1581/1581 1582/1582 1583/1583
f 1582/1582 1584/1584 1583/1583
f 1583/1583 1584/1584 1585/1585
f 1584/1584 1586/1586 1585/1585
f 1585/1585 1586/1586 1587/1587
f 1586/1586 1588/1588 1587/1587
f 1587/1587 1588/1588 1567/1567
f 1587/1587 1567/1567 1571/1571
f 1573/1573 1587/1587 1571/1571
f 1585/1585 1587/1587 1573/1573
f 1574/1574 1585/1585 1573/1573
f 1583/1583 1585/1585 1574/1574
f 1581/1581 1583/1583 1574/1574
f 1575/1575 1581/1581 1574/1574
f 1575/1575 1576/1576 1581/1581
f 1576/1576 1578/1578 1581/1581
f 1553/1553 1589/1589 1566/1566
f 1566/1566 1589/1589 1590/1590
f 1577/1577 1566/1566 1590/1590
f 1577/1577 1590/1590 1591/1591
f 1577/1577 1591/1591 1579/1579
f 1592/1592 1579/1579 1591/1591
f 1580/1580 1579/1579 1592/1592
f 1593/1593 1580/1580 1592/1592
f 1580/1580 1593/1593 1582/1582
f 1593/1593 1594/1594 1582/1582
f 1582/1582 1594/1594 1584/1584
f 1594/1594 1595/1595 1584/1584
f 1584/1584 1595/1595 1586/1586
f 1595/1595 1596/1596 1586/1586
f 1586/1586 1596/1596 1588/1588
f 1596/1596 1597/1597 1588/1588
f 1588/1588 1597/1597 1568/1568
f 1588/1588 1568/1568 1567/1567
f 1598/1598 1592/1592 1591/1591
f 1592/1592 1598/1598 1599/1599
f 1596/1596 1600/1600 1597/1597
f 1601/1601 1600/1600 1596/1596
f 1595/1595 1601/1601 1596/1596
f 1602/1602 1601/1601 1595/1595
f 1594/1594 1602/1602 1595/1595
f 1602/1602 1594/1594 1593/1593
f 1603/1603 1602/1602 1593/1593
f 1603/1603 1604/1604 1602/1602
f 1604/1604 1605/1605 1602/1602
f 1605/1605 1601/1601 1602/1602
f 1601/1601 1605/1605 1600/1600
f 1564/1564 1572/1572 1565/1565
f 1606/1606 1565/1565 1572/1572
f 1607/1607 1606/1606 1572/1572
f 1572/1572 1570/1570 1607/1607
f 1570/1570 1608/1608 1607/1607
f 1570/1570 1569/1569 1608/1608
f 1569/1569 1609/1609 1608/1608
f 1568/1568 1609/1609 1569/1569
f 1568/1568 1610/1610 1609/1609
f 1597/1597 1610/1610 1568/1568
f 1597/1597 1611/1611 1610/1610
f 1600/1600 1611/1611 1597/1597
f 1600/1600 1612/1612 1611/1611
f 1605/1605 1612/1612 1600/1600
f 1605/1605 1613/1613 1612/1612
f 1605/1605 1604/1604 1613/1613
f 1604/1604 1614/1614 1613/1613
f 1609/1609 1615/1615 1608/1608
f 1609/1609 1616/1616 1615/1615
f 1610/1610 1616/1616 1609/1609
f 1610/1610 1617/1617 1616/1616
f 1611/1611 1617/1617 1610/1610
f 1611/1611 1618/1618 1617/1617
f 1612/1612 1618/1618 1611/1611
f 1616/1616 1619/1619 1615/1615
f 1616/1616 1620/1620 1619/1619
f 1617/1617 1620/1620 1616/1616
f 1617/1617 1621/1621 1620/1620
f 1618/1618 1621/1621 1617/1617
f 1620/1620 1622/1622 1619/1619
f 1620/1620 1623/1623 1622/1622
f 1621/1621 1623/1623 1620/1620
f 1621/1621 1624/1624 1623/1623
f 1625/1625 1624/1624 1621/1621
f 1618/1618 1625/1625 1621/1621
f 1626/1626 1625/1625 1618/1618
f 1612/1612 1626/1626 1618/1618
f 1613/1613 1626/1626 1612/1612
f 1623/1623 1627/1627 1622/1622
f 1628/1628 1629/1629 1630/1630
f 1629/1629 1631/1631 1630/1630
f 1632/1632 1633/1633 1631/1631
f 1629/1629 1632/1632 1631/1631
f 1634/1634 1632/1632 1629/1629
f 1628/1628 1634/1634 1629/1629
f 1551/1551 1634/1634 1628/1628
f 1635/1635 1551/1551 1628/1628
f 1636/1636 1637/1637 1638/1638
f 1637/1637 1639/1639 1638/1638
f 1637/1637 1640/1640 1639/1639
f 1640/1640 1641/1641 1639/1639
f 1640/1640 1630/1630 1641/1641
f 1630/1630 1642/1642 1641/1641
f 1630/1630 1631/1631 1642/1642
f 1631/1631 1643/1643 1642/1642
f 1631/1631 1633/1633 1643/1643
f 1633/1633 1644/1644 1643/1643
f 1644/1644 1633/1633 1645/1645
f 1633/1633 1646/1646 1645/1645
f 1633/1633 1632/1632 1646/1646
f 1632/1632 1647/1647 1646/1646
f 1632/1632 1634/1634 1647/1647
f 1648/1648 1647/1647 1634/1634
f 1551/1551 1648/1648 1634/1634
f 1545/1545 1648/1648 1551/1551
f 1551/1551 1635/1635 1550/1550
f 1635/1635 1649/1649 1550/1550
f 1635/1635 1650/1650 1649/1649
f 1650/1650 1635/1635 1628/1628
f 1651/1651 1650/1650 1628/1628
f 1651/1651 1628/1628 1630/1630
f 1651/1651 1630/1630 1652/1652
f 1652/1652 1630/1630 1640/1640
f 1652/1652 1640/1640 1637/1637
f 1653/1653 1652/1652 1637/1637
f 1653/1653 1651/1651 1652/1652
f 1650/1650 1651/1651 1653/1653
f 1654/1654 1655/1655 1656/1656
f 1655/1655 1654/1654 1657/1657
f 1655/1655 1657/1657 1658/1658
f 1657/1657 1659/1659 1658/1658
f 1659/1659 1636/1636 1658/1658
f 1659/1659 1637/1637 1636/1636
f 1660/1660 1637/1637 1659/1659
f 1660/1660 1653/1653 1637/1637
f 1661/1661 1653/1653 1660/1660
f 1661/1661 1650/1650 1653/1653
f 1650/1650 1661/1661 1662/1662
f 1650/1650 1662/1662 1649/1649
f 1649/1649 1662/1662 1663/1663
f 1663/1663 1550/1550 1649/1649
f 1550/1550 1663/1663 1552/1552
f 1552/1552 1663/1663 1664/1664
f 1552/1552 1664/1664 1553/1553
f 1553/1553 1664/1664 1589/1589
f 1661/1661 1665/1665 1662/1662
f 1661/1661 1666/1666 1665/1665
f 1666/1666 1661/1661 1660/1660
f 1590/1590 1589/1589 1667/1667
f 1668/1668 1667/1667 1589/1589
f 1664/1664 1668/1668 1589/1589
f 1663/1663 1668/1668 1664/1664
f 1663/1663 1669/1669 1668/1668
f 1662/1662 1669/1669 1663/1663
f 1670/1670 1669/1669 1662/1662
f 1665/1665 1670/1670 1662/1662
f 1665/1665 1671/1671 1670/1670
f 1666/1666 1671/1671 1665/1665
f 1666/1666 1672/1672 1671/1671
f 1672/1672 1666/1666 1660/1660
f 1673/1673 1672/1672 1660/1660
f 1673/1673 1660/1660 1659/1659
f 1673/1673 1659/1659 1657/1657
f 1674/1674 1673/1673 1657/1657
f 1657/1657 1654/1654 1674/1674
f 1654/1654 1675/1675 1674/1674
f 1672/1672 1676/1676 1671/1671
f 1677/1677 1671/1671 1676/1676
f 1670/1670 1671/1671 1677/1677
f 1669/1669 1678/1678 1668/1668
f 1669/1669 1670/1670 1678/1678
f 1670/1670 1679/1679 1678/1678
f 1670/1670 1677/1677 1679/1679
f 1677/1677 1680/1680 1679/1679
f 1681/1681 1680/1680 1677/1677
f 1676/1676 1681/1681 1677/1677
f 1681/1681 1676/1676 1682/1682
f 1676/1676 1672/1672 1682/1682
f 1682/1682 1672/1672 1674/1674
f 1672/1672 1673/1673 1674/1674
f 1675/1675 1681/1681 1682/1682
f 1675/1675 1682/1682 1674/1674
f 1680/1680 1683/1683 1679/1679
f 1675/1675 1654/1654 1684/1684
f 1685/1685 1675/1675 1684/1684
f 1681/1681 1675/1675 1685/1685
f 1686/1686 1681/1681 1685/1685
f 1681/1681 1686/1686 1680/1680
f 1686/1686 1687/1687 1680/1680
f 1680/1680 1687/1687 1683/1683
f 1687/1687 1688/1688 1683/1683
f 1689/1689 1690/1690 1691/1691
f 1690/1690 1689/1689 1692/1692
f 1693/1693 1690/1690 1692/1692
f 1694/1694 1690/1690 1693/1693
f 1695/1695 1694/1694 1693/1693
f 1696/1696 1694/1694 1695/1695
f 1688/1688 1696/1696 1695/1695
f 1697/1697 1696/1696 1688/1688
f 1687/1687 1697/1697 1688/1688
f 1698/1698 1697/1697 1687/1687
f 1686/1686 1698/1698 1687/1687
f 1698/1698 1686/1686 1699/1699
f 1686/1686 1685/1685 1699/1699
f 1699/1699 1685/1685 1700/1700
f 1685/1685 1684/1684 1700/1700
f 1700/1700 1684/1684 1701/1701
f 1684/1684 1656/1656 1701/1701
f 1684/1684 1654/1654 1656/1656
f 1699/1699 1702/1702 1698/1698
f 1703/1703 1702/1702 1699/1699
f 1700/1700 1703/1703 1699/1699
f 1694/1694 1704/1704 1705/1705
f 1706/1706 1704/1704 1694/1694
f 1696/1696 1706/1706 1694/1694
f 1707/1707 1706/1706 1696/1696
f 1697/1697 1707/1707 1696/1696
f 1708/1708 1707/1707 1697/1697
f 1698/1698 1708/1708 1697/1697
f 1708/1708 1698/1698 1709/1709
f 1698/1698 1702/1702 1709/1709
f 1709/1709 1702/1702 1710/1710
f 1702/1702 1703/1703 1710/1710
f 1710/1710 1703/1703 1711/1711
f 1703/1703 1712/1712 1711/1711
f 1712/1712 1703/1703 1700/1700
f 1701/1701 1712/1712 1700/1700
f 1713/1713 1709/1709 1714/1714
f 1709/1709 1710/1710 1714/1714
f 1714/1714 1710/1710 1715/1715
f 1710/1710 1711/1711 1715/1715
f 1715/1715 1711/1711 1716/1716
f 1711/1711 1717/1717 1716/1716
f 1711/1711 1712/1712 1717/1717
f 1712/1712 1718/1718 1717/1717
f 1718/1718 1712/1712 1701/1701
f 1719/1719 1718/1718 1701/1701
f 1701/1701 1656/1656 1719/1719
f 1656/1656 1720/1720 1719/1719
f 1656/1656 1655/1655 1720/1720
f 1655/1655 1721/1721 1720/1720
f 1721/1721 1655/1655 1658/1658
f 1721/1721 1658/1658 1722/1722
f 1658/1658 1636/1636 1722/1722
f 1636/1636 1638/1638 1722/1722
f 1723/1723 1724/1724 1638/1638
f 1724/1724 1722/1722 1638/1638
f 1721/1721 1722/1722 1724/1724
f 1715/1715 1716/1716 1725/1725
f 1726/1726 1715/1715 1725/1725
f 1714/1714 1715/1715 1726/1726
f 1727/1727 1714/1714 1726/1726
f 1713/1713 1714/1714 1727/1727
f 1728/1728 1713/1713 1727/1727
f 1729/1729 1713/1713 1728/1728
f 1730/1730 1729/1729 1728/1728
f 1729/1729 1731/1731 1732/1732
f 1733/1733 1734/1734 1735/1735
f 1736/1736 1733/1733 1735/1735
f 1737/1737 1733/1733 1736/1736
f 1738/1738 1737/1737 1736/1736
f 1739/1739 1737/1737 1738/1738
f 1740/1740 1739/1739 1738/1738
f 1731/1731 1739/1739 1740/1740
f 1741/1741 1731/1731 1740/1740
f 1731/1731 1741/1741 1732/1732
f 1741/1741 1742/1742 1732/1732
f 1732/1732 1742/1742 1743/1743
f 1742/1742 1744/1744 1743/1743
f 1743/1743 1744/1744 1745/1745
f 1744/1744 1746/1746 1745/1745
f 1746/1746 1747/1747 1745/1745
f 1748/1748 1749/1749 1746/1746
f 1744/1744 1748/1748 1746/1746
f 1750/1750 1748/1748 1744/1744
f 1742/1742 1750/1750 1744/1744
f 1751/1751 1750/1750 1742/1742
f 1741/1741 1751/1751 1742/1742
f 1751/1751 1741/1741 1752/1752
f 1741/1741 1740/1740 1752/1752
f 1752/1752 1740/1740 1753/1753
f 1740/1740 1738/1738 1753/1753
f 1753/1753 1738/1738 1754/1754
f 1738/1738 1736/1736 1754/1754
f 1754/1754 1736/1736 1735/1735
f 1694/1694 1705/1705 1690/1690
f 1705/1705 1755/1755 1690/1690
f 1690/1690 1755/1755 1691/1691
f 1756/1756 1691/1691 1755/1755
f 1757/1757 1756/1756 1755/1755
f 1755/1755 1758/1758 1757/1757
f 1758/1758 1755/1755 1759/1759
f 1755/1755 1705/1705 1759/1759
f 1745/1745 1759/1759 1705/1705
f 1704/1704 1745/1745 1705/1705
f 1743/1743 1745/1745 1704/1704
f 1706/1706 1743/1743 1704/1704
f 1732/1732 1743/1743 1706/1706
f 1707/1707 1732/1732 1706/1706
f 1729/1729 1732/1732 1707/1707
f 1708/1708 1729/1729 1707/1707
f 1729/1729 1708/1708 1713/1713
f 1708/1708 1709/1709 1713/1713
f 1760/1760 1761/1761 1762/1762
f 1760/1760 1763/1763 1761/1761
f 1764/1764 1765/1765 1766/1766
f 1767/1767 1766/1766 1765/1765
f 1768/1768 1767/1767 1765/1765
f 1769/1769 1770/1770 1771/1771
f 1772/1772 1769/1769 1771/1771
f 1773/1773 1769/1769 1772/1772
f 1774/1774 1773/1773 1772/1772
f 1775/1775 1773/1773 1774/1774
f 1776/1776 1775/1775 1774/1774
f 1777/1777 1775/1775 1776/1776
f 1778/1778 1777/1777 1776/1776
f 1779/1779 1777/1777 1778/1778
f 1780/1780 1779/1779 1778/1778
f 1780/1780 1781/1781 1779/1779
f 1781/1781 1782/1782 1779/1779
f 1781/1781 1783/1783 1782/1782
f 1783/1783 1784/1784 1782/1782
f 1784/1784 1783/1783 1785/1785
f 1785/1785 1786/1786 1784/1784
f 1786/1786 1787/1787 1784/1784
f 1788/1788 1789/1789 1790/1790
f 1788/1788 1791/1791 1789/1789
f 1792/1792 1793/1793 1794/1794
f 1792/1792 1795/1795 1793/1793
f 1590/1590 1796/1796 1591/1591
f 1796/1796 1590/1590 1797/1797
f 1798/1798 1796/1796 1797/1797
f 1798/1798 1797/1797 1799/1799
f 1800/1800 1798/1798 1799/1799
f 1692/1692 1800/1800 1799/1799
f 1668/1668 1678/1678 1667/1667
f 1678/1678 1801/1801 1667/1667
f 1678/1678 1679/1679 1801/1801
f 1679/1679 1802/1802 1801/1801
f 1679/1679 1683/1683 1802/1802
f 1683/1683 1803/1803 1802/1802
f 1683/1683 1688/1688 1803/1803
f 1688/1688 1695/1695 1803/1803
f 1803/1803 1695/1695 1804/1804
f 1695/1695 1693/1693 1804/1804
f 1693/1693 1692/1692 1804/1804
f 1805/1805 1804/1804 1692/1692
f 1805/1805 1692/1692 1799/1799
f 1802/1802 1805/1805 1799/1799
f 1801/1801 1802/1802 1799/1799
f 1801/1801 1799/1799 1797/1797
f 1667/1667 1801/1801 1797/1797
f 1797/1797 1590/1590 1667/1667
f 1803/1803 1804/1804 1805/1805
f 1802/1802 1803/1803 1805/1805
f 1806/1806 1807/1807 1808/1808
f 1809/1809 1810/1810 1807/1807
f 1811/1811 1809/1809 1807/1807
f 1812/1812 1813/1813 1814/1814
f 1812/1812 1814/1814 1815/1815
f 1812/1812 1815/1815 1808/1808
f 1813/1813 1812/1812 1808/1808
f 1807/1807 1813/1813 1808/1808
f 1816/1816 1813/1813 1807/1807
f 1810/1810 1816/1816 1807/1807
f 1817/1817 1816/1816 1810/1810
f 1816/1816 1817/1817 1818/1818
f 1818/1818 1817/1817 1819/1819
f 1820/1820 1818/1818 1819/1819
f 1819/1819 1821/1821 1820/1820
f 1821/1821 1822/1822 1820/1820
f 1823/1823 1822/1822 1821/1821
f 1823/1823 1824/1824 1822/1822
f 1824/1824 1825/1825 1822/1822
f 1825/1825 1820/1820 1822/1822
f 1820/1820 1825/1825 1814/1814
f 1818/1818 1820/1820 1814/1814
f 1813/1813 1818/1818 1814/1814
f 1813/1813 1816/1816 1818/1818
f 1826/1826 1827/1827 1828/1828
f 1827/1827 1826/1826 1829/1829
f 1830/1830 1829/1829 1831/1831
f 1826/1826 1831/1831 1829/1829
f 1831/1831 1826/1826 1832/1832
f 1833/1833 1832/1832 1826/1826
f 1828/1828 1833/1833 1826/1826
f 1833/1833 1828/1828 1834/1834
f 1835/1835 1833/1833 1834/1834
f 1835/1835 1834/1834 1836/1836
f 1834/1834 1837/1837 1836/1836
f 1836/1836 1837/1837 1838/1838
f 1837/1837 1839/1839 1838/1838
f 1838/1838 1839/1839 1840/1840
f 1841/1841 1842/1842 1843/1843
f 1844/1844 1841/1841 1843/1843
f 1845/1845 1846/1846 1847/1847
f 1848/1848 1845/1845 1847/1847
f 1849/1849 1850/1850 1851/1851
f 1852/1852 1849/1849 1851/1851
f 1853/1853 1849/1849 1852/1852
f 1854/1854 1853/1853 1852/1852
f 1855/1855 1853/1853 1854/1854
f 1856/1856 1855/1855 1854/1854
f 1857/1857 1855/1855 1856/1856
f 1858/1858 1857/1857 1856/1856
f 1859/1859 1860/1860 1861/1861
f 1862/1862 1859/1859 1861/1861
f 1863/1863 1859/1859 1862/1862
f 1864/1864 1863/1863 1862/1862
f 1863/1863 1864/1864 1865/1865
f 1864/1864 1866/1866 1865/1865
f 1867/1867 1865/1865 1866/1866
f 1868/1868 1867/1867 1866/1866
f 1867/1867 1868/1868 1869/1869
f 1868/1868 1870/1870 1869/1869
f 1870/1870 1871/1871 1869/1869
f 1871/1871 1872/1872 1869/1869
o stanley_ref.stanley_ref.smd.mesh_1
v 0.552423 62.388401 3.702924
v 1.122299 62.729336 3.641096
v 0.505121 62.517342 4.281426
v 1.359293 63.314301 3.875409
v 0.897183 62.738712 4.104064
v 0.917823 62.984806 4.273776
v 0.476548 62.823208 4.530468
v -0.210361 62.820301 4.628408
v -0.186716 62.445744 4.312490
v -0.880863 62.531292 4.262856
v -0.816360 62.833775 4.554385
v -1.270421 63.031483 4.262437
v -1.312581 62.704742 4.079050
v -1.517070 62.722553 3.690406
v -0.951734 62.407452 3.665851
v -1.720565 63.296787 3.923807
v -0.321378 72.251579 2.271801
v 1.445966 72.107658 2.198500
v -0.325008 72.320831 0.161937
v -0.300651 71.856049 -1.796500
v 1.466133 71.722801 -1.690189
v 1.443224 72.159950 0.173203
v 2.609878 71.397873 1.352080
v -0.191622 64.861694 -3.408752
v -0.233064 65.652443 -3.756153
v 0.877972 64.927734 -3.078700
v 1.122446 65.791237 -3.386863
v -0.220206 66.931442 -3.962884
v 1.344965 67.073372 -3.654262
v -0.219024 68.251038 -4.053859
v 1.462976 68.415817 -3.795464
v -0.165941 69.695419 -3.696592
v 1.379901 69.683029 -3.467947
v -0.111248 70.699295 -3.040448
v 1.362610 70.627068 -2.836086
v -0.300651 71.856049 -1.796500
v 2.567751 71.177803 -1.575784
v 2.669250 71.493469 -0.051723
v 3.455872 69.997223 0.901648
v 3.502022 69.935616 -0.249136
v 2.549276 69.687157 -2.901860
v 2.184077 70.422440 -2.575809
v 3.269161 69.760757 -1.730170
v 3.636985 68.793739 -0.171976
v 3.406609 68.684830 -1.563395
v 2.630491 68.523430 -3.033219
v 2.421953 67.203247 -2.749018
v 2.149903 66.046936 -2.293818
v 1.949006 64.897453 -1.774027
v 1.561284 63.361065 -1.668251
v 0.854631 63.259174 -2.081255
v 1.022583 61.963509 -2.032790
v 2.840213 66.001587 -0.271944
v 2.989566 66.609947 -0.282129
v 3.131068 67.208305 -0.061480
v 3.132047 67.167252 0.620485
v 2.482608 64.658134 0.946452
v 2.632428 65.029762 1.132560
v 2.362624 64.308128 0.809614
v 2.431811 65.172264 -0.014679
v 2.630675 65.085861 0.421492
v 2.715031 65.433044 -0.049270
v 2.218266 64.651237 -0.352095
v 2.019262 63.395374 -0.791181
v 1.576322 62.249355 -1.688576
v 1.121866 60.888065 -2.722605
v -0.045945 60.648926 -3.148292
v -0.286108 61.750656 -2.234960
v -0.050213 63.120888 -2.230546
v 2.165403 63.114815 0.432610
v 2.146170 62.527267 -0.957962
v 1.958645 61.301533 -2.076979
v 2.194573 62.303257 0.230655
v 2.459161 61.579044 -1.318750
v 2.435004 61.421368 -0.087831
v 2.124917 60.995365 0.751505
v 1.870963 61.966862 0.944181
v 1.808306 62.737099 1.117971
v 1.765906 63.431915 1.319927
v 2.488224 64.300468 1.372599
v 1.209418 62.288891 1.706076
v 1.308498 61.587429 1.502562
v 1.553627 60.519073 1.347525
v 0.385565 61.219582 2.057823
v 0.887816 60.121605 1.797954
v 0.000001 60.202003 1.697346
v -0.134956 61.118908 2.184422
v -0.620345 61.166859 2.057825
v 0.410165 61.773773 2.356740
v 1.339895 62.870605 1.854814
v 2.114039 63.572395 1.589425
v 1.833379 63.271381 2.087374
v 2.367576 64.282486 1.997104
v 2.204941 64.246086 2.778330
v 2.536458 65.223000 2.492672
v 2.282928 65.033035 3.274287
v 2.535726 65.441566 2.835475
v 2.207275 65.611969 3.584105
v 2.568971 65.967697 2.971448
v 2.031380 66.261040 3.780416
v 2.376449 66.638191 3.385021
v 2.753227 66.205635 2.126080
v 1.761136 63.287643 2.948998
v -0.248523 61.647903 2.580983
v 0.612431 62.418777 2.502364
v -0.314746 62.297134 2.739712
v 1.384159 65.301979 4.166987
v 1.152909 65.824127 4.143361
v 0.693369 65.993256 4.368464
v -0.873971 61.706474 2.356740
v -1.174660 62.325119 2.502364
v -0.253282 62.261852 3.149051
v 0.518305 62.372219 3.038714
v 1.236111 62.712193 2.941829
v 0.565394 65.978188 4.525760
v 0.620243 65.955193 4.430977
v 0.458256 66.179626 4.466875
v 0.625051 65.704193 4.504361
v 0.833467 65.572105 4.376884
v 1.513561 64.675720 4.054110
v 1.564772 64.084801 3.934625
v 1.359293 63.314301 3.875409
v 1.122299 62.729336 3.641096
v 0.552423 62.388401 3.702924
v -0.209339 62.300900 3.764745
v -1.070401 62.383518 3.033767
v 0.422300 66.046722 4.882114
v 0.191501 66.229675 5.295191
v 0.915199 64.831566 4.386601
v 0.885709 64.370674 4.613058
v 0.778093 63.723167 4.432654
v 0.516864 63.423317 4.463177
v 0.157944 63.719975 4.609831
v 0.026602 63.564262 4.639499
v -0.219434 63.549858 4.706888
v 0.212356 63.296135 4.676740
v -0.205014 63.274685 4.758423
v -0.210361 62.820301 4.628408
v -0.624460 63.292881 4.674614
v -0.816360 62.833775 4.554385
v -0.942543 63.424419 4.459116
v -1.270421 63.031483 4.262437
v -1.720565 63.296787 3.923807
v 0.476548 62.823208 4.530468
v 0.917823 62.984806 4.273776
v 0.440530 64.675270 4.856952
v 0.345414 64.442696 4.786090
v -1.952539 64.064056 3.926065
v -1.402257 64.415863 4.604418
v -2.464447 64.208534 2.588662
v -2.111202 63.315357 2.813175
v -1.698282 62.738747 2.902587
v -1.517070 62.722553 3.690406
v -0.951734 62.407452 3.665851
v -0.451157 64.490532 4.843163
v -0.236571 64.490952 4.866413
v -0.547183 64.889709 5.046485
v -0.825461 64.466339 4.781640
v -0.923293 64.695107 4.852174
v -1.401939 64.819275 4.380889
v -1.949288 64.616417 4.047716
v -2.439818 64.967354 3.294576
v -2.653557 65.155373 2.362758
v -2.665349 65.380394 2.705193
v -0.956457 65.123306 4.767408
v -0.988050 65.521233 4.655730
v -2.893228 66.043098 1.501220
v -2.843527 66.118332 2.115299
v -3.161842 67.278191 1.197966
v -2.707061 65.925781 2.959172
v -2.398347 65.563507 3.574009
v -1.779039 65.257935 4.160617
v -1.234358 65.512016 4.374357
v -1.052728 65.663467 4.537655
v -0.994205 65.729927 4.659022
v -0.916696 65.593109 4.785706
v -0.899630 65.858894 5.064488
v -0.880774 65.703720 5.113260
v -0.749056 65.909355 5.369718
v -0.753479 65.810677 5.331941
v -0.904639 65.977142 4.882116
v -1.485830 65.805626 4.137092
v -0.668131 66.183708 5.303305
v -1.029597 65.904495 4.531203
v -0.558151 65.918854 5.629102
v -0.266384 65.920715 5.683304
v -0.259009 65.723175 5.619678
v -1.115875 66.367912 4.280708
v -1.046192 66.130196 4.368905
v -1.155163 65.843468 4.371234
v -1.081252 65.866547 4.448833
v -0.922575 66.114784 4.466482
v -0.898876 66.276955 4.430425
v -0.651521 66.470825 5.069650
v -0.832155 66.641548 4.372462
v -0.552189 66.827820 4.856785
v -0.258218 66.541992 5.355888
v -0.232912 66.878113 5.080734
v -1.037852 66.016670 4.436991
v -0.188135 67.252205 4.813805
v -0.498052 67.228203 4.602611
v -0.737484 67.087502 4.211326
v -1.107568 66.891823 4.236703
v -1.530420 66.656464 4.178593
v -2.256249 66.173714 3.773229
v -2.501360 66.550858 3.376215
v -2.009434 66.787659 4.010365
v -1.545106 67.027939 4.074196
v -1.131030 67.134613 4.063326
v -0.833791 67.275681 3.966151
v -0.481783 67.531891 4.426229
v -0.192390 67.538269 4.641053
v -0.511842 67.695946 4.364869
v -0.204773 67.774567 4.585914
v -0.940370 67.386963 3.892594
v -1.160626 67.255684 3.959034
v -1.550343 67.184685 4.019074
v -1.915856 67.072517 3.951560
v -2.222640 66.965508 3.667854
v -2.585089 66.920029 3.029040
v -2.611767 67.224449 2.962332
v -2.917674 67.214607 1.858293
v -2.946926 68.296196 2.088646
v -3.384574 68.456810 0.982817
v -3.477011 69.606506 0.903083
v -1.004968 67.595665 3.936603
v -1.882859 67.204803 3.914489
v -2.090062 67.302536 3.645291
v -2.290774 67.446877 3.423564
v -2.276208 67.168961 3.465065
v -2.225339 67.836296 3.733506
v -2.650695 67.762360 3.082763
v -2.457890 68.178375 3.514901
v -2.304321 67.295883 3.402380
v -2.053338 67.170555 3.741484
v -3.415048 68.424164 -0.171973
v -3.516467 69.540359 -0.247569
v -3.355079 69.327370 -1.757737
v -2.846461 70.883652 -1.575190
v -1.198039 64.818932 -3.078700
v -1.856999 64.697983 -1.774025
v -1.445826 65.656639 -3.386862
v -2.333873 65.811951 -2.293817
v -1.512227 66.923637 -3.654261
v -2.511265 66.944710 -2.749017
v -1.623395 68.225853 -3.761366
v -2.729507 68.225014 -3.061555
v -1.662765 69.591194 -3.471806
v -2.717363 69.421532 -2.804991
v -1.702521 70.554672 -2.841119
v -2.571955 70.173187 -2.575809
v -3.249465 68.335999 -1.563391
v -3.184672 67.099716 0.606697
v -3.110892 67.011345 -0.038487
v -2.969152 71.177261 -0.055778
v -1.872147 71.539253 -1.689697
v -0.300651 71.856049 -1.796500
v -0.111248 70.699295 -3.040448
v -0.165941 69.695419 -3.696592
v -0.219024 68.251038 -4.053859
v -0.220206 66.931442 -3.962884
v -0.233064 65.652443 -3.756153
v -0.191622 64.861694 -3.408752
v -1.196935 63.159912 -2.041885
v -2.881108 69.497307 2.353930
v -2.932243 71.087120 1.353143
v -1.895039 71.976074 0.173713
v -0.325008 72.320831 0.161937
v -0.300651 71.856049 -1.796500
v -0.321378 72.251579 2.271801
v -1.892298 71.923775 2.198968
v -2.644144 70.708717 2.646751
v -1.801767 71.219955 3.857312
v -0.321378 72.251579 2.271801
v -1.161774 67.766861 3.995248
v -1.558914 67.814537 4.045537
v -1.161106 67.594841 3.970495
v -1.076152 68.021317 4.319319
v -0.649922 67.873680 4.377870
v -1.013297 68.255341 4.515230
v -0.220380 68.072350 4.597979
v -1.184699 68.454529 4.477792
v -0.244255 68.732521 4.430842
v -1.655136 68.626976 4.249442
v -1.665881 69.036598 4.059488
v -2.519822 68.746010 3.310580
v -2.466063 69.585777 3.237190
v -2.419806 70.113571 3.066960
v -1.696981 70.449013 3.579954
v -0.227700 71.487999 4.044721
v -1.975012 68.587822 4.069305
v -0.102929 70.540611 3.758701
v -0.118032 69.804909 4.115449
v -1.658208 69.709175 3.887491
v 1.395624 69.792267 3.891516
v 1.207173 69.088570 4.064650
v 2.119758 69.807182 3.273945
v 2.132565 70.268158 3.059434
v 1.368151 70.521378 3.584574
v 0.908099 67.782722 4.060683
v 0.942540 67.612808 4.036533
v 1.273229 67.846794 4.088963
v 0.671283 68.052666 4.322471
v 0.282392 67.897308 4.379190
v 0.573571 68.279137 4.518337
v 0.723425 68.490837 4.481125
v 1.091132 68.640884 4.256246
v 2.309450 68.940186 3.313661
v 2.501818 69.774315 2.354196
v 2.366270 70.927353 2.649051
v 1.420860 71.358513 3.858898
v 1.606440 68.636421 4.076585
v 1.666732 67.763481 3.996891
v 1.635759 67.612099 4.014110
v 1.898119 67.362976 3.706978
v 1.839529 67.622330 3.847281
v 1.998005 67.921463 3.740632
v 1.749985 68.149506 3.975631
v 1.148653 68.157707 4.235690
v 1.082293 68.400063 4.348132
v 1.832076 68.425995 3.920578
v 2.204818 68.275101 3.522626
v 2.714304 68.586327 2.088990
v 2.066242 67.279175 3.501012
v 2.092611 67.549667 3.430208
v 2.042220 67.077797 3.673674
v 2.492915 67.077744 3.034713
v 2.508507 67.394325 2.967485
v 2.846632 67.357849 1.836801
v 2.527756 67.846016 3.092589
v 2.100231 67.404274 3.408788
v 3.613961 68.823586 0.982814
v 3.101307 67.344292 1.211683
v 2.871466 66.110626 1.483691
v 2.625711 65.112297 1.791633
v 2.878803 66.061584 0.821763
v 2.886544 65.117569 1.057713
v 2.876361 64.902374 0.819936
v 3.116251 65.011665 0.824883
v 2.898432 65.891937 0.325480
v 3.299872 65.648262 0.145638
v 3.542528 66.114014 -0.166894
v 3.392995 65.350388 -0.040051
v 3.600259 66.036339 -0.418592
v 3.018981 65.297707 -0.129848
v 3.196789 66.022278 -0.466037
v 3.274584 66.654221 0.461855
v 3.360889 67.054893 0.580131
v 3.014474 66.339294 0.105012
v 3.638080 66.680038 -0.400589
v 3.288069 66.669815 -0.474499
v 3.373677 67.266014 -0.133702
v 2.840213 66.001587 -0.271944
v 2.989566 66.609947 -0.282129
v 3.131068 67.208305 -0.061480
v 3.432621 67.369789 0.320647
v 3.565180 67.297401 0.304017
v 3.479195 66.912987 0.286753
v 3.588264 66.856926 0.072656
v 3.583230 66.543472 -0.167532
v 3.610328 67.254898 -0.015782
v 2.715031 65.433044 -0.049270
v 2.893636 64.982239 0.405362
v 3.188807 65.060310 0.478353
v 3.299872 65.648262 0.145638
v 2.876361 64.902374 0.819936
v 2.630675 65.085861 0.421492
v 0.037859 65.396965 4.997003
v 0.050068 65.163986 5.037323
v 0.419751 65.481247 4.800622
v -0.238946 65.150642 5.037229
v -0.218481 65.374260 5.002287
v -0.465882 65.385887 4.996200
v -0.506171 65.472237 5.019278
v 0.501646 65.147079 4.770163
v 0.566430 65.571587 4.663321
v 0.096343 64.895401 5.047955
v -0.232300 64.818947 5.106729
v -0.518127 65.154007 5.036288
v -0.741302 65.431099 4.859673
v -0.707448 65.545876 4.913046
v -0.653272 65.633873 4.971478
v -0.552458 65.604469 5.011445
v -0.686934 65.699387 5.105140
v -0.516283 65.664909 5.148368
v -0.659686 65.741623 5.250742
v -0.751214 65.638603 5.122046
v -0.738496 65.695518 5.324929
v -0.467961 65.759872 5.562857
v -0.461733 65.647919 5.430844
v -0.594660 65.727341 5.265573
v -0.436229 65.570763 5.222065
v -0.222136 65.443993 5.026331
v 0.022545 65.484558 5.020084
v 0.350059 65.582565 4.915470
v 0.540001 65.643715 4.769169
v 0.566420 65.753723 4.638214
v -0.238869 65.513054 5.261386
v -0.078544 65.570580 5.223056
v 0.040682 65.707245 5.153641
v 0.073295 65.630760 5.029668
v 0.210521 65.724129 5.105871
v 0.170373 65.647972 4.984987
v -0.243390 65.576660 5.489294
v -0.071728 65.645424 5.432044
v 0.083407 65.756615 5.265902
v 0.160105 65.758957 5.251488
v 0.296861 65.670738 5.116899
v 0.452359 65.769020 5.119460
v 0.433332 65.927460 5.070515
v 0.271005 65.965538 5.365963
v 0.270765 65.836090 5.359552
v 0.235486 65.714378 5.319694
v -0.010460 65.778877 5.558825
v 0.046168 65.934593 5.624263
v -0.254958 66.099548 5.670778
v -0.471949 66.037415 5.645393
v -0.254189 66.305847 5.566568
v -0.023447 66.052513 5.641624
v 0.151410 66.506248 5.069997
v 0.090587 66.848122 4.857484
v 0.155873 67.240372 4.603766
v 0.129298 67.542549 4.427348
v 0.441208 67.119293 4.212896
v 0.543554 67.312897 3.945374
v 0.163361 67.711578 4.365902
v 0.906639 67.172363 4.106946
v 0.626238 67.405899 3.924020
v 0.680945 67.615196 3.975111
v 0.953317 67.232986 4.018357
v 1.357632 67.199059 4.101571
v 1.805096 66.893333 4.015296
v 1.876254 67.223183 3.804446
v 1.716599 67.148582 3.980090
v 1.687550 67.273560 3.965199
v 1.336495 67.080093 4.140784
v 0.795743 66.929283 4.228040
v 0.378056 66.686325 4.373437
v 0.406894 66.340675 4.430671
v 1.288348 66.720673 4.182962
v 0.669587 66.492668 4.267154
v 0.562822 66.231857 4.344154
v 0.533325 66.089630 4.425561
v -0.010647 64.479919 4.844928
v 0.510016 64.168388 4.765378
v 0.173525 64.037064 4.938033
v 0.421965 63.820992 4.509943
v -1.239323 63.724808 4.427037
v -1.014601 64.185272 4.760314
v -0.826065 64.477852 4.776164
v -0.473188 64.501404 4.842414
v -0.695981 64.043198 4.935326
v -0.237177 64.502502 4.866027
v -0.243435 64.007820 4.977781
v 0.344813 64.454170 4.780098
v -0.000583 64.492477 4.844176
v -0.466974 63.563839 4.638165
v -0.625601 63.724152 4.607463
v -0.905034 63.836266 4.506362
v -0.227712 63.707802 4.679753
v -1.845804 67.555779 3.884971
v -2.035706 67.311905 3.690785
v -1.858855 67.224556 3.877888
v -1.539066 67.197060 3.974861
v -1.550202 67.648315 3.951960
v -1.175342 67.252396 3.895746
v -1.160378 67.580956 3.887038
v -1.035833 67.388580 3.879364
v 0.953965 67.626686 3.950054
v 0.737215 67.400101 3.911096
v 0.974521 67.234444 3.962076
v 1.347825 67.211990 4.040899
v 1.312056 67.685890 4.018673
v 1.611135 67.617950 3.949557
v 1.650336 67.287476 3.917867
v 1.831020 67.367165 3.743435
v -3.263060 66.547951 0.413722
v -3.352377 66.818848 0.249100
v -3.098041 66.265388 0.092115
v -2.953183 65.958611 0.811159
v -2.945279 65.807785 0.313856
v -3.531237 66.046051 -0.224465
v -3.534538 66.813812 0.055378
v -3.561445 67.122635 0.293617
v -3.389290 66.931747 0.568063
v -3.433010 65.491219 0.123469
v -3.465196 65.286087 -0.043573
v -3.602836 65.955902 -0.469903
v -3.042397 65.203636 -0.105784
v -3.149593 65.952827 -0.557300
v -3.427518 67.228737 0.309214
v -3.590910 67.070457 -0.025879
v -3.568221 66.523903 -0.186121
v -3.639402 66.653336 -0.407229
v -3.267812 66.615944 -0.507544
v -2.866147 66.004135 -0.359260
v -2.785811 65.358231 -0.024677
v -2.984088 64.887657 0.370347
v -3.292035 64.939423 0.443060
v -3.156504 64.923958 0.812270
v -3.014990 66.523560 -0.294076
v -3.390713 67.140839 -0.145703
v -3.110892 67.011345 -0.038487
v -3.292035 64.939423 0.443060
v -2.958333 64.828087 0.891274
v -2.982718 65.020782 1.046681
v -2.729098 64.958778 1.121570
v -2.761738 65.081131 0.299654
v -2.701254 65.041603 1.750919
v -2.570485 64.184364 1.364802
v -2.528456 64.201401 1.958115
v -2.385826 63.572968 1.571676
v -2.256312 63.330254 2.185880
v -2.173265 63.225471 1.319929
v -1.827634 62.704597 1.854815
v -1.583569 62.142517 1.706077
v -1.971573 62.539005 1.117975
v -2.374285 64.057816 0.888356
v -2.272249 62.907177 0.471985
v -2.307098 64.414070 -0.352093
v -2.044517 63.157475 -0.673068
v -1.650645 63.217499 -1.628878
v -2.540992 64.690811 0.835589
v -2.534049 65.127083 -0.025935
v -1.334674 61.488281 1.502559
v -1.870188 61.878597 0.944183
v -2.286947 62.209366 0.270027
v -2.162142 62.330532 -0.957961
v -1.751715 62.074936 -1.688574
v -1.406553 61.836201 -2.032789
v -0.050213 63.120888 -2.230546
v -0.286108 61.750656 -2.234960
v -0.045945 60.648926 -3.148292
v -1.063520 60.818783 -2.740118
v -1.692077 61.141590 -2.078598
v -2.196829 61.354412 -1.318123
v -2.331028 61.458103 0.127703
v -1.825340 60.817940 0.749987
v -1.359483 60.370174 1.247508
v -0.887813 60.121605 1.797954
v -1.642740 68.390427 4.341162
v -2.124265 68.364677 3.912935
v -1.607855 68.134003 4.229368
v -2.023909 68.087753 3.968511
v -1.904197 67.714684 3.924412
v -1.886865 67.565613 3.928467
v -2.052141 67.557220 3.783824
v -1.556092 67.647049 4.041536
v -1.550202 67.648315 3.951960
v -1.845804 67.555779 3.884971
v -2.035706 67.311905 3.690785
v -2.090062 67.302536 3.645291
v -1.882859 67.204803 3.914489
v -1.858855 67.224556 3.877888
v -1.539066 67.197060 3.974861
v -1.550343 67.184685 4.019074
v -1.160626 67.255684 3.959034
v -1.175342 67.252396 3.895746
v -1.035833 67.388580 3.879364
v -0.940370 67.386963 3.892594
v -1.160378 67.580956 3.887038
v 1.312862 67.670502 4.103752
v 1.312056 67.685890 4.018673
v 1.611135 67.617950 3.949557
v 1.831020 67.367165 3.743435
v 1.898119 67.362976 3.706978
v 1.687550 67.273560 3.965199
v 1.650336 67.287476 3.917867
v 1.347825 67.211990 4.040899
v 1.357632 67.199059 4.101571
v 0.953317 67.232986 4.018357
v 0.974521 67.234444 3.962076
v 0.737215 67.400101 3.911096
v 0.626238 67.405899 3.924020
v 0.953965 67.626686 3.950054
v 0.505121 62.517342 4.281426
v -0.186716 62.445744 4.312490
v -0.880863 62.531292 4.262856
v -2.761738 65.081131 0.299654
v -2.785811 65.358231 -0.024677
v -2.866147 66.004135 -0.359260
v -3.014990 66.523560 -0.294076
vt 0.461528 -0.864848
vt 0.416617 -0.848043
vt 0.468366 -0.859144
vt 0.381571 -0.794721
vt 0.435839 -0.843225
vt 0.427139 -0.824141
vt 0.465807 -0.828728
vt 0.501406 -0.828791
vt 0.501406 -0.864660
vt 0.533062 -0.858212
vt 0.536403 -0.828974
vt 0.575570 -0.822376
vt 0.567382 -0.843225
vt 0.586706 -0.846754
vt 0.539747 -0.863430
vt 0.620830 -0.794721
vt 0.257573 -0.111707
vt 0.314837 -0.142383
vt 0.213545 -0.111693
vt 0.149165 -0.111707
vt 0.098778 -0.142460
vt 0.213545 -0.142381
vt 0.282872 -0.187393
vt 0.008351 -0.734100
vt 0.008541 -0.610170
vt 0.062896 -0.733717
vt 0.062539 -0.610170
vt 0.008251 -0.485042
vt 0.062838 -0.485042
vt 0.008541 -0.400606
vt 0.062539 -0.400606
vt 0.008541 -0.283849
vt 0.063410 -0.300314
vt 0.008541 -0.177767
vt 0.073810 -0.186957
vt 0.008541 -0.111730
vt 0.148958 -0.189408
vt 0.213545 -0.176256
vt 0.246114 -0.302335
vt 0.213554 -0.308340
vt 0.109855 -0.310227
vt 0.118937 -0.220446
vt 0.165292 -0.309283
vt 0.213554 -0.399829
vt 0.166180 -0.399109
vt 0.109569 -0.400606
vt 0.109294 -0.485042
vt 0.107828 -0.610170
vt 0.107898 -0.732774
vt 0.108306 -0.814701
vt 0.062896 -0.813888
vt 0.062493 -0.879426
vt 0.156137 -0.590670
vt 0.155729 -0.538496
vt 0.166137 -0.484937
vt 0.213756 -0.485124
vt 0.213554 -0.688444
vt 0.213554 -0.676183
vt 0.213554 -0.720512
vt 0.174422 -0.695990
vt 0.179091 -0.684370
vt 0.172565 -0.630623
vt 0.159116 -0.732878
vt 0.159116 -0.814701
vt 0.107889 -0.864772
vt 0.046667 -0.980000
vt 0.008541 -0.980000
vt 0.008351 -0.879426
vt 0.008351 -0.813480
vt 0.213554 -0.832752
vt 0.151620 -0.864772
vt 0.088315 -0.980000
vt 0.213258 -0.879426
vt 0.136626 -0.980000
vt 0.213258 -0.980000
vt 0.292389 -0.980000
vt 0.282394 -0.898966
vt 0.279895 -0.862329
vt 0.279558 -0.814351
vt 0.234424 -0.712967
vt 0.397342 -0.900187
vt 0.395676 -0.918506
vt 0.390678 -0.980000
vt 0.466477 -0.924612
vt 0.466477 -0.980000
vt 0.501272 -0.980000
vt 0.501461 -0.927054
vt 0.536445 -0.925222
vt 0.466477 -0.907514
vt 0.395342 -0.877478
vt 0.274869 -0.773152
vt 0.324150 -0.815617
vt 0.269525 -0.725153
vt 0.301564 -0.725970
vt 0.267295 -0.635673
vt 0.301564 -0.663553
vt 0.279699 -0.624085
vt 0.310309 -0.613071
vt 0.284072 -0.590124
vt 0.326552 -0.566258
vt 0.302813 -0.545146
vt 0.267204 -0.572683
vt 0.346447 -0.809718
vt 0.501461 -0.909956
vt 0.463978 -0.890669
vt 0.501461 -0.890669
vt 0.370282 -0.624085
vt 0.394022 -0.577272
vt 0.430880 -0.595630
vt 0.535612 -0.906293
vt 0.537800 -0.890610
vt 0.501461 -0.875763
vt 0.461479 -0.872099
vt 0.397313 -0.857108
vt 0.445873 -0.596548
vt 0.436502 -0.601138
vt 0.457743 -0.586452
vt 0.429631 -0.618577
vt 0.416511 -0.626838
vt 0.355914 -0.678240
vt 0.354664 -0.730560
vt 0.381527 -0.794812
vt 0.416511 -0.848050
vt 0.461479 -0.864772
vt 0.501437 -0.871282
vt 0.539653 -0.872023
vt 0.458368 -0.600219
vt 0.471486 -0.587981
vt 0.401518 -0.676404
vt 0.398284 -0.714599
vt 0.415886 -0.762685
vt 0.442125 -0.781043
vt 0.477109 -0.755343
vt 0.485231 -0.769111
vt 0.501437 -0.769067
vt 0.468988 -0.787468
vt 0.501437 -0.789249
vt 0.501473 -0.828773
vt 0.533333 -0.787468
vt 0.536394 -0.828979
vt 0.560821 -0.781043
vt 0.575526 -0.822377
vt 0.620794 -0.794812
vt 0.465864 -0.828688
vt 0.427132 -0.824184
vt 0.440420 -0.701502
vt 0.448142 -0.711050
vt 0.648282 -0.729642
vt 0.605247 -0.713550
vt 0.700748 -0.726172
vt 0.655555 -0.810172
vt 0.605471 -0.854048
vt 0.586613 -0.846900
vt 0.539777 -0.863551
vt 0.522329 -0.708781
vt 0.501857 -0.711648
vt 0.524073 -0.695739
vt 0.555217 -0.711096
vt 0.563111 -0.700978
vt 0.600803 -0.676404
vt 0.646373 -0.677760
vt 0.700095 -0.662978
vt 0.734938 -0.634237
vt 0.722206 -0.624697
vt 0.560196 -0.669061
vt 0.567069 -0.634182
vt 0.762054 -0.582808
vt 0.734938 -0.573838
vt 0.763171 -0.486040
vt 0.717704 -0.590352
vt 0.692012 -0.612152
vt 0.632918 -0.623365
vt 0.586435 -0.625921
vt 0.572265 -0.617705
vt 0.564141 -0.616385
vt 0.561446 -0.633264
vt 0.545868 -0.612608
vt 0.543610 -0.619907
vt 0.536457 -0.610011
vt 0.536909 -0.617806
vt 0.544370 -0.598995
vt 0.608136 -0.577148
vt 0.531043 -0.587369
vt 0.557073 -0.597466
vt 0.518549 -0.608175
vt 0.501437 -0.607284
vt 0.501437 -0.622583
vt 0.570959 -0.551682
vt 0.555615 -0.578191
vt 0.572066 -0.594712
vt 0.566099 -0.600334
vt 0.544787 -0.586146
vt 0.543537 -0.570847
vt 0.525629 -0.563505
vt 0.544787 -0.543310
vt 0.523962 -0.535969
vt 0.501437 -0.559758
vt 0.501437 -0.533390
vt 0.552700 -0.588594
vt 0.501437 -0.506372
vt 0.524654 -0.507352
vt 0.545524 -0.515842
vt 0.585678 -0.528572
vt 0.617670 -0.540252
vt 0.675964 -0.565830
vt 0.700133 -0.545146
vt 0.655509 -0.533293
vt 0.619874 -0.515842
vt 0.593718 -0.512752
vt 0.552589 -0.500591
vt 0.523130 -0.485178
vt 0.501437 -0.484888
vt 0.524654 -0.472454
vt 0.501473 -0.470798
vt 0.560614 -0.492941
vt 0.598982 -0.501838
vt 0.620441 -0.504217
vt 0.641805 -0.513464
vt 0.679310 -0.516998
vt 0.708372 -0.509687
vt 0.711794 -0.485791
vt 0.734716 -0.486040
vt 0.735783 -0.384105
vt 0.762201 -0.392796
vt 0.756667 -0.302902
vt 0.577359 -0.477464
vt 0.640745 -0.499807
vt 0.676391 -0.487724
vt 0.686138 -0.476061
vt 0.693336 -0.496230
vt 0.675145 -0.458254
vt 0.708372 -0.461532
vt 0.690137 -0.436836
vt 0.695137 -0.485791
vt 0.664733 -0.499252
vt 0.789617 -0.401581
vt 0.789298 -0.308567
vt 0.835635 -0.310455
vt 0.854216 -0.187814
vt 0.940429 -0.731657
vt 0.895103 -0.732774
vt 0.941722 -0.610170
vt 0.894671 -0.610170
vt 0.941448 -0.486040
vt 0.893830 -0.486040
vt 0.941448 -0.400193
vt 0.894991 -0.400193
vt 0.941927 -0.302368
vt 0.894450 -0.309283
vt 0.930302 -0.188273
vt 0.884541 -0.220259
vt 0.835179 -0.400193
vt 0.789341 -0.485806
vt 0.835084 -0.486139
vt 0.789298 -0.176375
vt 0.903668 -0.141583
vt 0.989278 -0.110711
vt 0.989518 -0.175203
vt 0.989568 -0.284401
vt 0.989278 -0.400193
vt 0.989278 -0.486040
vt 0.989567 -0.610170
vt 0.989518 -0.732214
vt 0.939706 -0.813455
vt 0.721425 -0.290627
vt 0.719467 -0.188650
vt 0.789298 -0.142383
vt 0.789161 -0.111707
vt 0.855773 -0.111707
vt 0.746330 -0.109713
vt 0.690583 -0.141656
vt 0.689400 -0.208505
vt 0.620818 -0.155848
vt 0.501816 -0.111707
vt 0.598096 -0.463148
vt 0.620586 -0.460701
vt 0.596000 -0.471800
vt 0.573278 -0.444535
vt 0.535426 -0.459644
vt 0.566860 -0.422762
vt 0.501473 -0.437754
vt 0.579355 -0.406240
vt 0.501473 -0.378091
vt 0.620586 -0.397062
vt 0.620586 -0.356674
vt 0.694667 -0.365221
vt 0.687488 -0.273631
vt 0.682919 -0.234917
vt 0.620169 -0.197267
vt 0.501241 -0.141185
vt 0.652238 -0.405627
vt 0.501473 -0.188088
vt 0.501174 -0.255521
vt 0.620794 -0.259684
vt 0.382152 -0.259684
vt 0.382777 -0.357897
vt 0.315308 -0.272535
vt 0.319056 -0.234901
vt 0.382152 -0.197267
vt 0.404642 -0.461073
vt 0.401000 -0.469600
vt 0.382360 -0.459601
vt 0.429006 -0.444179
vt 0.466489 -0.459784
vt 0.436502 -0.423068
vt 0.422759 -0.407463
vt 0.382777 -0.396449
vt 0.308435 -0.366159
vt 0.280323 -0.289974
vt 0.312795 -0.208339
vt 0.382812 -0.155333
vt 0.350917 -0.405627
vt 0.359644 -0.462083
vt 0.360980 -0.470700
vt 0.328426 -0.485484
vt 0.340171 -0.468598
vt 0.327177 -0.457948
vt 0.344044 -0.445098
vt 0.382777 -0.438672
vt 0.382777 -0.419397
vt 0.337172 -0.426739
vt 0.312809 -0.436836
vt 0.266579 -0.384516
vt 0.314683 -0.493745
vt 0.315308 -0.475387
vt 0.323429 -0.515775
vt 0.292818 -0.510267
vt 0.290943 -0.485484
vt 0.267247 -0.485042
vt 0.294067 -0.462537
vt 0.313433 -0.485484
vt 0.240946 -0.393227
vt 0.240534 -0.485042
vt 0.239642 -0.581864
vt 0.240946 -0.651660
vt 0.213689 -0.581576
vt 0.202466 -0.641301
vt 0.205234 -0.669510
vt 0.199681 -0.663809
vt 0.194152 -0.594245
vt 0.186797 -0.604156
vt 0.178361 -0.581980
vt 0.186028 -0.625461
vt 0.172050 -0.586933
vt 0.177423 -0.628139
vt 0.162040 -0.592126
vt 0.201975 -0.546524
vt 0.201745 -0.511514
vt 0.186660 -0.566600
vt 0.170494 -0.542879
vt 0.161623 -0.539775
vt 0.169172 -0.505760
vt 0.156137 -0.590670
vt 0.155729 -0.538496
vt 0.166137 -0.484937
vt 0.194263 -0.493714
vt 0.196496 -0.505218
vt 0.192631 -0.527507
vt 0.181886 -0.532749
vt 0.176383 -0.552805
vt 0.177274 -0.512833
vt 0.172565 -0.630623
vt 0.184130 -0.675210
vt 0.189684 -0.666252
vt 0.186760 -0.603199
vt 0.199681 -0.663809
vt 0.179091 -0.684370
vt 0.486480 -0.646114
vt 0.480857 -0.671815
vt 0.452745 -0.642442
vt 0.501437 -0.672062
vt 0.501437 -0.647974
vt 0.515841 -0.647032
vt 0.514593 -0.640606
vt 0.443374 -0.669061
vt 0.435878 -0.634182
vt 0.480078 -0.696264
vt 0.501611 -0.697294
vt 0.521464 -0.670897
vt 0.549783 -0.642824
vt 0.530871 -0.632326
vt 0.528293 -0.631429
vt 0.516640 -0.634182
vt 0.527504 -0.629419
vt 0.519248 -0.630148
vt 0.526752 -0.627792
vt 0.533803 -0.628117
vt 0.533908 -0.622979
vt 0.514169 -0.616978
vt 0.509690 -0.628117
vt 0.524684 -0.627430
vt 0.509925 -0.633651
vt 0.501437 -0.641463
vt 0.488354 -0.640606
vt 0.462743 -0.631435
vt 0.441501 -0.633264
vt 0.437127 -0.615823
vt 0.501437 -0.633976
vt 0.491300 -0.633651
vt 0.482141 -0.631024
vt 0.480106 -0.631982
vt 0.470902 -0.629419
vt 0.470489 -0.630879
vt 0.501437 -0.628442
vt 0.492479 -0.628117
vt 0.481905 -0.629520
vt 0.472910 -0.627792
vt 0.464336 -0.625592
vt 0.455366 -0.622617
vt 0.457118 -0.613071
vt 0.466073 -0.610011
vt 0.465737 -0.615588
vt 0.469703 -0.622864
vt 0.486562 -0.617299
vt 0.484397 -0.608175
vt 0.501437 -0.593612
vt 0.514384 -0.598995
vt 0.501437 -0.576684
vt 0.488978 -0.599608
vt 0.476485 -0.563505
vt 0.478358 -0.536886
vt 0.477734 -0.508431
vt 0.479607 -0.485484
vt 0.457743 -0.515775
vt 0.451495 -0.496498
vt 0.477109 -0.472634
vt 0.408390 -0.512103
vt 0.444624 -0.486403
vt 0.431003 -0.473369
vt 0.402768 -0.502923
vt 0.382152 -0.505678
vt 0.346543 -0.533214
vt 0.338422 -0.500170
vt 0.360912 -0.513939
vt 0.361536 -0.501087
vt 0.383401 -0.516692
vt 0.417136 -0.528625
vt 0.457743 -0.543310
vt 0.459617 -0.570847
vt 0.384026 -0.539639
vt 0.431505 -0.552489
vt 0.447123 -0.577272
vt 0.450247 -0.588288
vt 0.480960 -0.708831
vt 0.439001 -0.735149
vt 0.475741 -0.739745
vt 0.439001 -0.747082
vt 0.585960 -0.762013
vt 0.563945 -0.734230
vt 0.555676 -0.713550
vt 0.522980 -0.714108
vt 0.527791 -0.739745
vt 0.501611 -0.715486
vt 0.501766 -0.739745
vt 0.446505 -0.714755
vt 0.479928 -0.715043
vt 0.517716 -0.769111
vt 0.525837 -0.755343
vt 0.563945 -0.746164
vt 0.501437 -0.753767
vt 0.642185 -0.032465
vt 0.683080 -0.068102
vt 0.647722 -0.108726
vt 0.600133 -0.117289
vt 0.602776 -0.016902
vt 0.551229 -0.100730
vt 0.553119 -0.035936
vt 0.521546 -0.081077
vt 0.444004 -0.027469
vt 0.480450 -0.073478
vt 0.442509 -0.108898
vt 0.391126 -0.116739
vt 0.399312 -0.018057
vt 0.363459 -0.029410
vt 0.352846 -0.110507
vt 0.313889 -0.073570
vt 0.801075 -0.544462
vt 0.810356 -0.525517
vt 0.816350 -0.564589
vt 0.789379 -0.581868
vt 0.809516 -0.593174
vt 0.825311 -0.580927
vt 0.821107 -0.530768
vt 0.806571 -0.502988
vt 0.801091 -0.508832
vt 0.816881 -0.603092
vt 0.817876 -0.624680
vt 0.831625 -0.585889
vt 0.824698 -0.628168
vt 0.840927 -0.588791
vt 0.809475 -0.493967
vt 0.826364 -0.511815
vt 0.827275 -0.551766
vt 0.833159 -0.541851
vt 0.840676 -0.539147
vt 0.847138 -0.589995
vt 0.829806 -0.629110
vt 0.818503 -0.675213
vt 0.812389 -0.666243
vt 0.802825 -0.663809
vt 0.847325 -0.537462
vt 0.832955 -0.504385
vt 0.835084 -0.486139
vt 0.802825 -0.663809
vt 0.799049 -0.669777
vt 0.798768 -0.642593
vt 0.788828 -0.676115
vt 0.823506 -0.683369
vt 0.762054 -0.650716
vt 0.758823 -0.721203
vt 0.731206 -0.725442
vt 0.725424 -0.776872
vt 0.678251 -0.814255
vt 0.721372 -0.813552
vt 0.605581 -0.882857
vt 0.605581 -0.898966
vt 0.721372 -0.864278
vt 0.778492 -0.718371
vt 0.788492 -0.832864
vt 0.843472 -0.732611
vt 0.842973 -0.814701
vt 0.894450 -0.812944
vt 0.788000 -0.687400
vt 0.827953 -0.696417
vt 0.607246 -0.918506
vt 0.720528 -0.898966
vt 0.788831 -0.879426
vt 0.847554 -0.862939
vt 0.892534 -0.862939
vt 0.939596 -0.879426
vt 0.989518 -0.815277
vt 0.989380 -0.879426
vt 0.989797 -0.980000
vt 0.954354 -0.980000
vt 0.914347 -0.980000
vt 0.867129 -0.980000
vt 0.787998 -0.980000
vt 0.709700 -0.980000
vt 0.613910 -0.980000
vt 0.536445 -0.980000
vt 0.620586 -0.419090
vt 0.665981 -0.426434
vt 0.620586 -0.439284
vt 0.658069 -0.445403
vt 0.647161 -0.462110
vt 0.645000 -0.470700
vt 0.662068 -0.469942
vt 0.621000 -0.467400
vt 0.621000 -0.467400
vt 0.645000 -0.470700
vt 0.674155 -0.487097
vt 0.673934 -0.487721
vt 0.640784 -0.499794
vt 0.640283 -0.498804
vt 0.620569 -0.502992
vt 0.620418 -0.504181
vt 0.598861 -0.501830
vt 0.599400 -0.500726
vt 0.584821 -0.488359
vt 0.560634 -0.492921
vt 0.596000 -0.471800
vt 0.381976 -0.467400
vt 0.381976 -0.467400
vt 0.360986 -0.470700
vt 0.342064 -0.486586
vt 0.328535 -0.485477
vt 0.361646 -0.501136
vt 0.361921 -0.500226
vt 0.382206 -0.504643
vt 0.382181 -0.505697
vt 0.402762 -0.502898
vt 0.402385 -0.502094
vt 0.420330 -0.487577
vt 0.444647 -0.486437
vt 0.401000 -0.469600
vt 0.468363 -0.859064
vt 0.501437 -0.864771
vt 0.533000 -0.858152
vt 0.823506 -0.683369
vt 0.829806 -0.629110
vt 0.847138 -0.589995
vt 0.847325 -0.537462
usemtl aman0003-head-d
s 1
f 1873/1873 1874/1874 1875/1875
f 1874/1874 1876/1876 1877/1877
f 1877/1877 1875/1875 1874/1874
f 1877/1877 1878/1878 1875/1875
f 1879/1879 1875/1875 1878/1878
f 1879/1879 1880/1880 1875/1875
f 1881/1881 1875/1875 1880/1880
f 1881/1881 1880/1880 1882/1882
f 1883/1883 1882/1882 1880/1880
f 1883/1883 1884/1884 1882/1882
f 1885/1885 1882/1882 1884/1884
f 1885/1885 1884/1884 1886/1886
f 1885/1885 1886/1886 1882/1882
f 1887/1887 1882/1882 1886/1886
f 1878/1878 1877/1877 1876/1876
f 1888/1888 1886/1886 1884/1884
f 1889/1889 1890/1890 1891/1891
f 1892/1892 1891/1891 1893/1893
f 1894/1894 1893/1893 1891/1891
f 1894/1894 1891/1891 1890/1890
f 1890/1890 1895/1895 1894/1894
f 1896/1896 1897/1897 1898/1898
f 1899/1899 1898/1898 1897/1897
f 1897/1897 1900/1900 1899/1899
f 1901/1901 1899/1899 1900/1900
f 1900/1900 1902/1902 1901/1901
f 1903/1903 1901/1901 1902/1902
f 1902/1902 1904/1904 1903/1903
f 1905/1905 1903/1903 1904/1904
f 1904/1904 1906/1906 1905/1905
f 1907/1907 1905/1905 1906/1906
f 1906/1906 1908/1908 1907/1907
f 1893/1893 1907/1907 1908/1908
f 1893/1893 1909/1909 1907/1907
f 1893/1893 1894/1894 1909/1909
f 1910/1910 1909/1909 1894/1894
f 1910/1910 1894/1894 1895/1895
f 1895/1895 1911/1911 1910/1910
f 1912/1912 1910/1910 1911/1911
f 1905/1905 1907/1907 1913/1913
f 1914/1914 1913/1913 1907/1907
f 1914/1914 1907/1907 1909/1909
f 1914/1914 1909/1909 1913/1913
f 1915/1915 1913/1913 1909/1909
f 1910/1910 1912/1912 1909/1909
f 1915/1915 1909/1909 1912/1912
f 1912/1912 1916/1916 1915/1915
f 1917/1917 1915/1915 1916/1916
f 1915/1915 1917/1917 1913/1913
f 1918/1918 1913/1913 1917/1917
f 1913/1913 1918/1918 1905/1905
f 1903/1903 1905/1905 1918/1918
f 1918/1918 1919/1919 1903/1903
f 1901/1901 1903/1903 1919/1919
f 1919/1919 1920/1920 1901/1901
f 1899/1899 1901/1901 1920/1920
f 1920/1920 1921/1921 1899/1899
f 1898/1898 1899/1899 1921/1921
f 1921/1921 1922/1922 1898/1898
f 1923/1923 1898/1898 1922/1922
f 1923/1923 1922/1922 1924/1924
f 1925/1925 1921/1921 1926/1926
f 1920/1920 1926/1926 1921/1921
f 1926/1926 1920/1920 1927/1927
f 1919/1919 1927/1927 1920/1920
f 1917/1917 1927/1927 1919/1919
f 1917/1917 1919/1919 1918/1918
f 1927/1927 1917/1917 1928/1928
f 1916/1916 1928/1928 1917/1917
f 1929/1929 1930/1930 1931/1931
f 1929/1929 1931/1931 1932/1932
f 1932/1932 1933/1933 1929/1929
f 1933/1933 1932/1932 1934/1934
f 1934/1934 1932/1932 1925/1925
f 1932/1932 1935/1935 1925/1925
f 1921/1921 1925/1925 1935/1935
f 1935/1935 1936/1936 1921/1921
f 1922/1922 1921/1921 1936/1936
f 1922/1922 1936/1936 1937/1937
f 1937/1937 1924/1924 1922/1922
f 1924/1924 1937/1937 1938/1938
f 1938/1938 1939/1939 1924/1924
f 1940/1940 1924/1924 1939/1939
f 1924/1924 1940/1940 1923/1923
f 1941/1941 1923/1923 1940/1940
f 1941/1941 1896/1896 1923/1923
f 1898/1898 1923/1923 1896/1896
f 1930/1930 1929/1929 1933/1933
f 1935/1935 1932/1932 1931/1931
f 1931/1931 1942/1942 1935/1935
f 1936/1936 1935/1935 1942/1942
f 1936/1936 1942/1942 1943/1943
f 1943/1943 1937/1937 1936/1936
f 1937/1937 1943/1943 1944/1944
f 1944/1944 1938/1938 1937/1937
f 1945/1945 1943/1943 1942/1942
f 1946/1946 1944/1944 1943/1943
f 1943/1943 1945/1945 1946/1946
f 1947/1947 1946/1946 1945/1945
f 1947/1947 1945/1945 1948/1948
f 1949/1949 1948/1948 1945/1945
f 1945/1945 1942/1942 1949/1949
f 1950/1950 1949/1949 1942/1942
f 1942/1942 1931/1931 1950/1950
f 1951/1951 1950/1950 1931/1931
f 1931/1931 1952/1952 1951/1951
f 1950/1950 1951/1951 1953/1953
f 1953/1953 1954/1954 1950/1950
f 1949/1949 1950/1950 1954/1954
f 1954/1954 1955/1955 1949/1949
f 1948/1948 1949/1949 1955/1955
f 1954/1954 1953/1953 1956/1956
f 1956/1956 1957/1957 1954/1954
f 1955/1955 1954/1954 1957/1957
f 1957/1957 1956/1956 1958/1958
f 1959/1959 1960/1960 1958/1958
f 1959/1959 1958/1958 1956/1956
f 1956/1956 1961/1961 1959/1959
f 1961/1961 1956/1956 1953/1953
f 1953/1953 1962/1962 1961/1961
f 1962/1962 1953/1953 1951/1951
f 1951/1951 1963/1963 1962/1962
f 1963/1963 1951/1951 1952/1952
f 1963/1963 1952/1952 1964/1964
f 1965/1965 1964/1964 1952/1952
f 1965/1965 1966/1966 1964/1964
f 1966/1966 1965/1965 1967/1967
f 1966/1966 1967/1967 1968/1968
f 1969/1969 1968/1968 1967/1967
f 1968/1968 1969/1969 1970/1970
f 1971/1971 1970/1970 1969/1969
f 1970/1970 1971/1971 1972/1972
f 1973/1973 1972/1972 1971/1971
f 1971/1971 1974/1974 1973/1973
f 1974/1974 1971/1971 1967/1967
f 1969/1969 1967/1967 1971/1971
f 1964/1964 1962/1962 1963/1963
f 1964/1964 1975/1975 1962/1962
f 1975/1975 1964/1964 1966/1966
f 1976/1976 1959/1959 1961/1961
f 1977/1977 1961/1961 1962/1962
f 1961/1961 1977/1977 1976/1976
f 1978/1978 1976/1976 1977/1977
f 1970/1970 1979/1979 1968/1968
f 1979/1979 1970/1970 1980/1980
f 1972/1972 1980/1980 1970/1970
f 1980/1980 1981/1981 1979/1979
f 1960/1960 1959/1959 1982/1982
f 1976/1976 1982/1982 1959/1959
f 1982/1982 1976/1976 1983/1983
f 1978/1978 1983/1983 1976/1976
f 1978/1978 1984/1984 1983/1983
f 1978/1978 1977/1977 1984/1984
f 1985/1985 1984/1984 1977/1977
f 1977/1977 1962/1962 1985/1985
f 1986/1986 1985/1985 1962/1962
f 1986/1986 1962/1962 1975/1975
f 1987/1987 1988/1988 1989/1989
f 1988/1988 1987/1987 1990/1990
f 1988/1988 1990/1990 1981/1981
f 1991/1991 1981/1981 1990/1990
f 1991/1991 1979/1979 1981/1981
f 1979/1979 1991/1991 1992/1992
f 1992/1992 1968/1968 1979/1979
f 1968/1968 1992/1992 1966/1966
f 1993/1993 1966/1966 1992/1992
f 1966/1966 1993/1993 1975/1975
f 1994/1994 1975/1975 1993/1993
f 1975/1975 1994/1994 1986/1986
f 1995/1995 1986/1986 1994/1994
f 1995/1995 1996/1996 1986/1986
f 1985/1985 1986/1986 1996/1996
f 1996/1996 1997/1997 1985/1985
f 1984/1984 1985/1985 1997/1997
f 1984/1984 1997/1997 1998/1998
f 1999/1999 1987/1987 2000/2000
f 1991/1991 1990/1990 2001/2001
f 2001/2001 1992/1992 1991/1991
f 1992/1992 2001/2001 1993/1993
f 2002/2002 1993/1993 2001/2001
f 1993/1993 2002/2002 1994/1994
f 2003/2003 1994/1994 2002/2002
f 2003/2003 2004/2004 1994/1994
f 2004/2004 2003/2003 2005/2005
f 2005/2005 2006/2006 2004/2004
f 2006/2006 2005/2005 2007/2007
f 2006/2006 2007/2007 2008/2008
f 2009/2009 2008/2008 2007/2007
f 2009/2009 2010/2010 2008/2008
f 2009/2009 2011/2011 2010/2010
f 2012/2012 2010/2010 2011/2011
f 2011/2011 2013/2013 2012/2012
f 2014/2014 2012/2012 2013/2013
f 2014/2014 2013/2013 2015/2015
f 2008/2008 2004/2004 2006/2006
f 2008/2008 2016/2016 2004/2004
f 2016/2016 2008/2008 2010/2010
f 2017/2017 1994/1994 2004/2004
f 2017/2017 2004/2004 2016/2016
f 2002/2002 2001/2001 2018/2018
f 2018/2018 2019/2019 2002/2002
f 2020/2020 2015/2015 2021/2021
f 2022/2022 2023/2023 2020/2020
f 2015/2015 2020/2020 2023/2023
f 2023/2023 2024/2024 2015/2015
f 2025/2025 2015/2015 2024/2024
f 2025/2025 2024/2024 2026/2026
f 2027/2027 2028/2028 2029/2029
f 2027/2027 2029/2029 2030/2030
f 2031/2031 2030/2030 2029/2029
f 2030/2030 2031/2031 2021/2021
f 2021/2021 2031/2031 2032/2032
f 2021/2021 2032/2032 2020/2020
f 2033/2033 2020/2020 2032/2032
f 2020/2020 2033/2033 2022/2022
f 2034/2034 2022/2022 2033/2033
f 2022/2022 2034/2034 2035/2035
f 2036/2036 2035/2035 2034/2034
f 2032/2032 2037/2037 2038/2038
f 2037/2037 2032/2032 2031/2031
f 2031/2031 2029/2029 2037/2037
f 2039/2039 2040/2040 2041/2041
f 2040/2040 2039/2039 2035/2035
f 2040/2040 2035/2035 2042/2042
f 2036/2036 2042/2042 2035/2035
f 2042/2042 2036/2036 2043/2043
f 2034/2034 2043/2043 2036/2036
f 2043/2043 2034/2034 2044/2044
f 2033/2033 2044/2044 2034/2034
f 2044/2044 2033/2033 2045/2045
f 2032/2032 2045/2045 2033/2033
f 2045/2045 2032/2032 2046/2046
f 2038/2038 2046/2046 2032/2032
f 2046/2046 2038/2038 2047/2047
f 2048/2048 2047/2047 2038/2038
f 2047/2047 2048/2048 2049/2049
f 2050/2050 2049/2049 2048/2048
f 2049/2049 2050/2050 2051/2051
f 2052/2052 2051/2051 2050/2050
f 2049/2049 2051/2051 2053/2053
f 2044/2044 2054/2054 2043/2043
f 2055/2055 2053/2053 2051/2051
f 2053/2053 2055/2055 2056/2056
f 2053/2053 2056/2056 2049/2049
f 2047/2047 2049/2049 2056/2056
f 2047/2047 2056/2056 2046/2046
f 2051/2051 2057/2057 2055/2055
f 2058/2058 2057/2057 2059/2059
f 2060/2060 2054/2054 2061/2061
f 2062/2062 2061/2061 2054/2054
f 2054/2054 2044/2044 2062/2062
f 2045/2045 2062/2062 2044/2044
f 2045/2045 2046/2046 2062/2062
f 2063/2063 2062/2062 2046/2046
f 2063/2063 2046/2046 2056/2056
f 2056/2056 2064/2064 2063/2063
f 2064/2064 2056/2056 2055/2055
f 2064/2064 2055/2055 2065/2065
f 2066/2066 2065/2065 2055/2055
f 2065/2065 2066/2066 2067/2067
f 2068/2068 2067/2067 2066/2066
f 2066/2066 2069/2069 2068/2068
f 2070/2070 2068/2068 2069/2069
f 2063/2063 2071/2071 2062/2062
f 2071/2071 2063/2063 2064/2064
f 2071/2071 2064/2064 2061/2061
f 2065/2065 2061/2061 2064/2064
f 2061/2061 2065/2065 2060/2060
f 2067/2067 2060/2060 2065/2065
f 2061/2061 2062/2062 2071/2071
f 2072/2072 2073/2073 2070/2070
f 2068/2068 2070/2070 2073/2073
f 2073/2073 2074/2074 2068/2068
f 2067/2067 2068/2068 2074/2074
f 2074/2074 2075/2075 2067/2067
f 2060/2060 2067/2067 2075/2075
f 2075/2075 2076/2076 2060/2060
f 2054/2054 2060/2060 2076/2076
f 2054/2054 2076/2076 2077/2077
f 2077/2077 2043/2043 2054/2054
f 2043/2043 2077/2077 2042/2042
f 2042/2042 2078/2078 2040/2040
f 2078/2078 2042/2042 2077/2077
f 2077/2077 2079/2079 2078/2078
f 2079/2079 2077/2077 2076/2076
f 2076/2076 2080/2080 2079/2079
f 2076/2076 2075/2075 2080/2080
f 2081/2081 2080/2080 2075/2075
f 2075/2075 2074/2074 2081/2081
f 2082/2082 2081/2081 2074/2074
f 2074/2074 2073/2073 2082/2082
f 2083/2083 2082/2082 2073/2073
f 2073/2073 2072/2072 2083/2083
f 2084/2084 2083/2083 2072/2072
f 2085/2085 2083/2083 2086/2086
f 2083/2083 2085/2085 2082/2082
f 2087/2087 2082/2082 2085/2085
f 2082/2082 2087/2087 2081/2081
f 2088/2088 2081/2081 2087/2087
f 2088/2088 2089/2089 2081/2081
f 2080/2080 2081/2081 2089/2089
f 2080/2080 2089/2089 2090/2090
f 2090/2090 2079/2079 2080/2080
f 2079/2079 2090/2090 2091/2091
f 2091/2091 2078/2078 2079/2079
f 2078/2078 2091/2091 2092/2092
f 2092/2092 2040/2040 2078/2078
f 2092/2092 2093/2093 2040/2040
f 2094/2094 2040/2040 2093/2093
f 2094/2094 2093/2093 2095/2095
f 2095/2095 2096/2096 2094/2094
f 2096/2096 2095/2095 2097/2097
f 2087/2087 2085/2085 2098/2098
f 2099/2099 2100/2100 2090/2090
f 2099/2099 2090/2090 2089/2089
f 2100/2100 2101/2101 2102/2102
f 2101/2101 2100/2100 2103/2103
f 2101/2101 2103/2103 2104/2104
f 2105/2105 2104/2104 2103/2103
f 2104/2104 2105/2105 2095/2095
f 2104/2104 2095/2095 2093/2093
f 2093/2093 2106/2106 2104/2104
f 2093/2093 2092/2092 2106/2106
f 2102/2102 2106/2106 2092/2092
f 2102/2102 2092/2092 2091/2091
f 2102/2102 2091/2091 2100/2100
f 2107/2107 2100/2100 2091/2091
f 2107/2107 2090/2090 2100/2100
f 2107/2107 2091/2091 2090/2090
f 2106/2106 2102/2102 2101/2101
f 2101/2101 2104/2104 2106/2106
f 2094/2094 2041/2041 2040/2040
f 2041/2041 2094/2094 2096/2096
f 2096/2096 2108/2108 2041/2041
f 2108/2108 2096/2096 2109/2109
f 2109/2109 2110/2110 2108/2108
f 2110/2110 2109/2109 2111/2111
f 2112/2112 2113/2113 2114/2114
f 2115/2115 2114/2114 2113/2113
f 2114/2114 2115/2115 2116/2116
f 2117/2117 2116/2116 2115/2115
f 2116/2116 2117/2117 2118/2118
f 2119/2119 2118/2118 2117/2117
f 2118/2118 2119/2119 2120/2120
f 2121/2121 2120/2120 2119/2119
f 2120/2120 2121/2121 2122/2122
f 2123/2123 2122/2122 2121/2121
f 2123/2123 2111/2111 2122/2122
f 2123/2123 2121/2121 2111/2111
f 2110/2110 2111/2111 2121/2121
f 2110/2110 2121/2121 2124/2124
f 2124/2124 2108/2108 2110/2110
f 2108/2108 2124/2124 2125/2125
f 2125/2125 2041/2041 2108/2108
f 2041/2041 2125/2125 2039/2039
f 2126/2126 2125/2125 2124/2124
f 2097/2097 2109/2109 2096/2096
f 2109/2109 2097/2097 2127/2127
f 2127/2127 2111/2111 2109/2109
f 2111/2111 2127/2127 2128/2128
f 2128/2128 2122/2122 2111/2111
f 2128/2128 2129/2129 2122/2122
f 2130/2130 2122/2122 2129/2129
f 2122/2122 2130/2130 2120/2120
f 2131/2131 2120/2120 2130/2130
f 2120/2120 2131/2131 2118/2118
f 2132/2132 2118/2118 2131/2131
f 2118/2118 2132/2132 2116/2116
f 2133/2133 2116/2116 2132/2132
f 2116/2116 2133/2133 2114/2114
f 2134/2134 2114/2114 2133/2133
f 2114/2114 2134/2134 2112/2112
f 2135/2135 2112/2112 2134/2134
f 2112/2112 2135/2135 2136/2136
f 2137/2137 2097/2097 2095/2095
f 2097/2097 2137/2137 2138/2138
f 2138/2138 2127/2127 2097/2097
f 2127/2127 2138/2138 2139/2139
f 2139/2139 2128/2128 2127/2127
f 2139/2139 2140/2140 2128/2128
f 2141/2141 2128/2128 2140/2140
f 2142/2142 2140/2140 2143/2143
f 2139/2139 2143/2143 2140/2140
f 2143/2143 2139/2139 2138/2138
f 2138/2138 2144/2144 2143/2143
f 2144/2144 2138/2138 2137/2137
f 2143/2143 2145/2145 2146/2146
f 2145/2145 2143/2143 2144/2144
f 2147/2147 2148/2148 2149/2149
f 2147/2147 2150/2150 2148/2148
f 2150/2150 2147/2147 2151/2151
f 2150/2150 2151/2151 2152/2152
f 2153/2153 2152/2152 2151/2151
f 2152/2152 2153/2153 2154/2154
f 2155/2155 2154/2154 2153/2153
f 2154/2154 2155/2155 2156/2156
f 2157/2157 2156/2156 2155/2155
f 2157/2157 2158/2158 2156/2156
f 2158/2158 2157/2157 2159/2159
f 2159/2159 2137/2137 2158/2158
f 2160/2160 2137/2137 2159/2159
f 2144/2144 2137/2137 2160/2160
f 2160/2160 2161/2161 2144/2144
f 2145/2145 2144/2144 2161/2161
f 2145/2145 2161/2161 2162/2162
f 2162/2162 2146/2146 2145/2145
f 2154/2154 2156/2156 2152/2152
f 2163/2163 2156/2156 2158/2158
f 2164/2164 2162/2162 2161/2161
f 2164/2164 2161/2161 2165/2165
f 2166/2166 2165/2165 2161/2161
f 2165/2165 2166/2166 2155/2155
f 2157/2157 2155/2155 2166/2166
f 2166/2166 2159/2159 2157/2157
f 2159/2159 2166/2166 2160/2160
f 2161/2161 2160/2160 2166/2166
f 2165/2165 2155/2155 2167/2167
f 2168/2168 2167/2167 2155/2155
f 2167/2167 2168/2168 2169/2169
f 2169/2169 2170/2170 2167/2167
f 2171/2171 2167/2167 2170/2170
f 2167/2167 2171/2171 2165/2165
f 2164/2164 2165/2165 2171/2171
f 2172/2172 2173/2173 2174/2174
f 2172/2172 2174/2174 2175/2175
f 2175/2175 2176/2176 2172/2172
f 2175/2175 2177/2177 2176/2176
f 2153/2153 2176/2176 2177/2177
f 2177/2177 2178/2178 2153/2153
f 2155/2155 2153/2153 2178/2178
f 2178/2178 2179/2179 2155/2155
f 2168/2168 2155/2155 2179/2179
f 2168/2168 2179/2179 2180/2180
f 2180/2180 2169/2169 2168/2168
f 2169/2169 2180/2180 2181/2181
f 2169/2169 2181/2181 2170/2170
f 2170/2170 2181/2181 2182/2182
f 2170/2170 2182/2182 2171/2171
f 2183/2183 2171/2171 2182/2182
f 2183/2183 2162/2162 2171/2171
f 2164/2164 2171/2171 2162/2162
f 2178/2178 2177/2177 2179/2179
f 2184/2184 2180/2180 2179/2179
f 2185/2185 2174/2174 2186/2186
f 2186/2186 2187/2187 2185/2185
f 2188/2188 2185/2185 2187/2187
f 2188/2188 2187/2187 2189/2189
f 2188/2188 2189/2189 2185/2185
f 2190/2190 2185/2185 2189/2189
f 2185/2185 2190/2190 2174/2174
f 2191/2191 2174/2174 2190/2190
f 2191/2191 2175/2175 2174/2174
f 2175/2175 2191/2191 2177/2177
f 2192/2192 2177/2177 2191/2191
f 2192/2192 2179/2179 2177/2177
f 2192/2192 2193/2193 2179/2179
f 2184/2184 2179/2179 2193/2193
f 2193/2193 2194/2194 2184/2184
f 2180/2180 2184/2184 2194/2194
f 2180/2180 2194/2194 2195/2195
f 2195/2195 2181/2181 2180/2180
f 2187/2187 2196/2196 2197/2197
f 2196/2196 2187/2187 2198/2198
f 2196/2196 2198/2198 2199/2199
f 1973/1973 2199/2199 2198/2198
f 2199/2199 1973/1973 1974/1974
f 2199/2199 1974/1974 2200/2200
f 2201/2201 2200/2200 1974/1974
f 2201/2201 2195/2195 2200/2200
f 2202/2202 2200/2200 2195/2195
f 2202/2202 2195/2195 2194/2194
f 2194/2194 2189/2189 2202/2202
f 2194/2194 2193/2193 2189/2189
f 2190/2190 2189/2189 2193/2193
f 2190/2190 2193/2193 2191/2191
f 2192/2192 2191/2191 2193/2193
f 2197/2197 2189/2189 2187/2187
f 2197/2197 2202/2202 2189/2189
f 2197/2197 2203/2203 2202/2202
f 2200/2200 2202/2202 2203/2203
f 2200/2200 2203/2203 2199/2199
f 2196/2196 2199/2199 2203/2203
f 2203/2203 2197/2197 2196/2196
f 2162/2162 2183/2183 2146/2146
f 1890/1890 2146/2146 2183/2183
f 2183/2183 2182/2182 1890/1890
f 1895/1895 1890/1890 2182/2182
f 2182/2182 2181/2181 1895/1895
f 1911/1911 1895/1895 2181/2181
f 2181/2181 2195/2195 1911/1911
f 2204/2204 1911/1911 2195/2195
f 2195/2195 2201/2201 2204/2204
f 2205/2205 2204/2204 2201/2201
f 2201/2201 1974/1974 2205/2205
f 2206/2206 2205/2205 1974/1974
f 1974/1974 1967/1967 2206/2206
f 2207/2207 2206/2206 1967/1967
f 2207/2207 1967/1967 1965/1965
f 1965/1965 1952/1952 2207/2207
f 1930/1930 2207/2207 1952/1952
f 1952/1952 1931/1931 1930/1930
f 1911/1911 2204/2204 1912/1912
f 1916/1916 1912/1912 2204/2204
f 2204/2204 2205/2205 1916/1916
f 1928/1928 1916/1916 2205/2205
f 2205/2205 2206/2206 1928/1928
f 2208/2208 1928/1928 2206/2206
f 2206/2206 2207/2207 2208/2208
f 1930/1930 2208/2208 2207/2207
f 2208/2208 1930/1930 2209/2209
f 1930/1930 2210/2210 2209/2209
f 2211/2211 2209/2209 2210/2210
f 2209/2209 2211/2211 2212/2212
f 2213/2213 2212/2212 2211/2211
f 2213/2213 2214/2214 2212/2212
f 2213/2213 2215/2215 2214/2214
f 2216/2216 2214/2214 2215/2215
f 2215/2215 2217/2217 2216/2216
f 2218/2218 2216/2216 2217/2217
f 2208/2208 2209/2209 2212/2212
f 2208/2208 2212/2212 2219/2219
f 2219/2219 2220/2220 2208/2208
f 2208/2208 2220/2220 1928/1928
f 2221/2221 2212/2212 2214/2214
f 2221/2221 2219/2219 2212/2212
f 2216/2216 2222/2222 2214/2214
f 2222/2222 2216/2216 2223/2223
f 2218/2218 2223/2223 2216/2216
f 2223/2223 2224/2224 2222/2222
f 2218/2218 2217/2217 2225/2225
f 2218/2218 2225/2225 2223/2223
f 2226/2226 2223/2223 2225/2225
f 2223/2223 2226/2226 2224/2224
f 2227/2227 2224/2224 2226/2226
f 2227/2227 1928/1928 2224/2224
f 2228/2228 2224/2224 1928/1928
f 1928/1928 2220/2220 2228/2228
f 2229/2229 2228/2228 2220/2220
f 2220/2220 2219/2219 2229/2229
f 2230/2230 2229/2229 2219/2219
f 2219/2219 2221/2221 2230/2230
f 2231/2231 2230/2230 2221/2221
f 2221/2221 2214/2214 2231/2231
f 2232/2232 2231/2231 2214/2214
f 2232/2232 2214/2214 2222/2222
f 2222/2222 2233/2233 2232/2232
f 2233/2233 2222/2222 2224/2224
f 2231/2231 2232/2232 2233/2233
f 2224/2224 2228/2228 2233/2233
f 2229/2229 2233/2233 2228/2228
f 2233/2233 2229/2229 2231/2231
f 2230/2230 2231/2231 2229/2229
f 2234/2234 2225/2225 2217/2217
f 2217/2217 2235/2235 2234/2234
f 2217/2217 2215/2215 2235/2235
f 2236/2236 2235/2235 2215/2215
f 2215/2215 2237/2237 2236/2236
f 2211/2211 2236/2236 2237/2237
f 2236/2236 2211/2211 2235/2235
f 2238/2238 2235/2235 2211/2211
f 2239/2239 2234/2234 2235/2235
f 2235/2235 2210/2210 2239/2239
f 2239/2239 2210/2210 1930/1930
f 2240/2240 2241/2241 2242/2242
f 2241/2241 2240/2240 2243/2243
f 2244/2244 2243/2243 2240/2240
f 2244/2244 2245/2245 2243/2243
f 2245/2245 2244/2244 2246/2246
f 2242/2242 2247/2247 2248/2248
f 2247/2247 2242/2242 2241/2241
f 2241/2241 2249/2249 2247/2247
f 2249/2249 2241/2241 2250/2250
f 2243/2243 2250/2250 2241/2241
f 2243/2243 2251/2251 2250/2250
f 2251/2251 2243/2243 2245/2245
f 2245/2245 2252/2252 2251/2251
f 2252/2252 2245/2245 2253/2253
f 2246/2246 2253/2253 2245/2245
f 2253/2253 2246/2246 2254/2254
f 2255/2255 2254/2254 2246/2246
f 2254/2254 2255/2255 2256/2256
f 2257/2257 2256/2256 2255/2255
f 2256/2256 2257/2257 2258/2258
f 2256/2256 2258/2258 2259/2259
f 2260/2260 2259/2259 2258/2258
f 2259/2259 2253/2253 2256/2256
f 2254/2254 2256/2256 2253/2253
f 2255/2255 2246/2246 2257/2257
f 2048/2048 2253/2253 2050/2050
f 2259/2259 2050/2050 2253/2253
f 2050/2050 2259/2259 2052/2052
f 2260/2260 2052/2052 2259/2259
f 2052/2052 2260/2260 2261/2261
f 2262/2262 2261/2261 2260/2260
f 2260/2260 2258/2258 2262/2262
f 2263/2263 2262/2262 2258/2258
f 2263/2263 2258/2258 2257/2257
f 2257/2257 2264/2264 2263/2263
f 2264/2264 2257/2257 2246/2246
f 2246/2246 2265/2265 2264/2264
f 2265/2265 2246/2246 2244/2244
f 2265/2265 2244/2244 2266/2266
f 2240/2240 2266/2266 2244/2244
f 2266/2266 2240/2240 2267/2267
f 2242/2242 2267/2267 2240/2240
f 2242/2242 2248/2248 2267/2267
f 2268/2268 2267/2267 2248/2248
f 2268/2268 2248/2248 2269/2269
f 2262/2262 2263/2263 2264/2264
f 2264/2264 2270/2270 2262/2262
f 2270/2270 2264/2264 2265/2265
f 2270/2270 2265/2265 2271/2271
f 2266/2266 2271/2271 2265/2265
f 2271/2271 2266/2266 2272/2272
f 2273/2273 2272/2272 2266/2266
f 2272/2272 2273/2273 2274/2274
f 2275/2275 2274/2274 2273/2273
f 2275/2275 2267/2267 2274/2274
f 2267/2267 2275/2275 2266/2266
f 2273/2273 2266/2266 2275/2275
f 2051/2051 2052/2052 2057/2057
f 2261/2261 2057/2057 2052/2052
f 2261/2261 2059/2059 2057/2057
f 2261/2261 2262/2262 2059/2059
f 2276/2276 2059/2059 2262/2262
f 2276/2276 2262/2262 2270/2270
f 2276/2276 2270/2270 2277/2277
f 2271/2271 2277/2277 2270/2270
f 2277/2277 2271/2271 2278/2278
f 2272/2272 2278/2278 2271/2271
f 2278/2278 2272/2272 2279/2279
f 2274/2274 2279/2279 2272/2272
f 2274/2274 2280/2280 2279/2279
f 2280/2280 2274/2274 2267/2267
f 2280/2280 2267/2267 2281/2281
f 2268/2268 2281/2281 2267/2267
f 2281/2281 2268/2268 2282/2282
f 2269/2269 2282/2282 2268/2268
f 2278/2278 2279/2279 2277/2277
f 2276/2276 2277/2277 2059/2059
f 2282/2282 2283/2283 2281/2281
f 2284/2284 2281/2281 2283/2283
f 2281/2281 2284/2284 2280/2280
f 2285/2285 2280/2280 2284/2284
f 2285/2285 2279/2279 2280/2280
f 2285/2285 2277/2277 2279/2279
f 2277/2277 2285/2285 2286/2286
f 2286/2286 2059/2059 2277/2277
f 2286/2286 2287/2287 2059/2059
f 2058/2058 2059/2059 2287/2287
f 2058/2058 2287/2287 2288/2288
f 2058/2058 2288/2288 2057/2057
f 2289/2289 2057/2057 2288/2288
f 2289/2289 2055/2055 2057/2057
f 2289/2289 2288/2288 2055/2055
f 2290/2290 2055/2055 2288/2288
f 2055/2055 2290/2290 2066/2066
f 2069/2069 2066/2066 2290/2290
f 2284/2284 2286/2286 2285/2285
f 2286/2286 2284/2284 2287/2287
f 2283/2283 2287/2287 2284/2284
f 1999/1999 2282/2282 1987/1987
f 2282/2282 1999/1999 2283/2283
f 2000/2000 2283/2283 1999/1999
f 2283/2283 2000/2000 2287/2287
f 2291/2291 2287/2287 2000/2000
f 2291/2291 2288/2288 2287/2287
f 2291/2291 2000/2000 2288/2288
f 2290/2290 2288/2288 2000/2000
f 2000/2000 2292/2292 2290/2290
f 2069/2069 2290/2290 2292/2292
f 2292/2292 2293/2293 2069/2069
f 2070/2070 2069/2069 2293/2293
f 2293/2293 2294/2294 2070/2070
f 2072/2072 2070/2070 2294/2294
f 2294/2294 2295/2295 2072/2072
f 2084/2084 2072/2072 2295/2295
f 2084/2084 2295/2295 2086/2086
f 2084/2084 2086/2086 2083/2083
f 2294/2294 2293/2293 2296/2296
f 2296/2296 2297/2297 2294/2294
f 2295/2295 2294/2294 2297/2297
f 2295/2295 2297/2297 2298/2298
f 2298/2298 2086/2086 2295/2295
f 2297/2297 2296/2296 2299/2299
f 2297/2297 2299/2299 2300/2300
f 2300/2300 2298/2298 2297/2297
f 2300/2300 2301/2301 2298/2298
f 2302/2302 2300/2300 2299/2299
f 2302/2302 2299/2299 2303/2303
f 2149/2149 2087/2087 2147/2147
f 2098/2098 2147/2147 2087/2087
f 2098/2098 2151/2151 2147/2147
f 2151/2151 2098/2098 2085/2085
f 2151/2151 2085/2085 2153/2153
f 2086/2086 2153/2153 2085/2085
f 2086/2086 2298/2298 2153/2153
f 2176/2176 2153/2153 2298/2298
f 2176/2176 2298/2298 2301/2301
f 2301/2301 2172/2172 2176/2176
f 2301/2301 2300/2300 2172/2172
f 2173/2173 2172/2172 2300/2300
f 1972/1972 1973/1973 2304/2304
f 2198/2198 2304/2304 1973/1973
f 2198/2198 2305/2305 2304/2304
f 2305/2305 2198/2198 2187/2187
f 2305/2305 2187/2187 2306/2306
f 2307/2307 2306/2306 2187/2187
f 2307/2307 2303/2303 2306/2306
f 2308/2308 2306/2306 2303/2303
f 2308/2308 2303/2303 2299/2299
f 2299/2299 2309/2309 2308/2308
f 2309/2309 2299/2299 2296/2296
f 2296/2296 2310/2310 2309/2309
f 2310/2310 2296/2296 2293/2293
f 2293/2293 2292/2292 2310/2310
f 2311/2311 2310/2310 2292/2292
f 2292/2292 2000/2000 2311/2311
f 1989/1989 2311/2311 2000/2000
f 1989/1989 2000/2000 1987/1987
f 2312/2312 2308/2308 2309/2309
f 2309/2309 2313/2313 2312/2312
f 2313/2313 2309/2309 2310/2310
f 2310/2310 2311/2311 2313/2313
f 2314/2314 2313/2313 2311/2311
f 2311/2311 1989/1989 2314/2314
f 2315/2315 2314/2314 1989/1989
f 2315/2315 1989/1989 1988/1988
f 1988/1988 1981/1981 2315/2315
f 2314/2314 2315/2315 1981/1981
f 1981/1981 1980/1980 2314/2314
f 2313/2313 2314/2314 1980/1980
f 1980/1980 2312/2312 2313/2313
f 1980/1980 1972/1972 2312/2312
f 2304/2304 2312/2312 1972/1972
f 2312/2312 2304/2304 2308/2308
f 2306/2306 2308/2308 2304/2304
f 2306/2306 2304/2304 2305/2305
f 2269/2269 1987/1987 2282/2282
f 2269/2269 1990/1990 1987/1987
f 1990/1990 2269/2269 2248/2248
f 2248/2248 2001/2001 1990/1990
f 2001/2001 2248/2248 2247/2247
f 2247/2247 2018/2018 2001/2001
f 2018/2018 2247/2247 2249/2249
f 2018/2018 2249/2249 2019/2019
f 2316/2316 2019/2019 2249/2249
f 2316/2316 2249/2249 2028/2028
f 2250/2250 2028/2028 2249/2249
f 2250/2250 2029/2029 2028/2028
f 2029/2029 2250/2250 2251/2251
f 2251/2251 2037/2037 2029/2029
f 2037/2037 2251/2251 2252/2252
f 2252/2252 2038/2038 2037/2037
f 2252/2252 2253/2253 2038/2038
f 2048/2048 2038/2038 2253/2253
f 2317/2317 2318/2318 2319/2319
f 2320/2320 2015/2015 2013/2013
f 2320/2320 2021/2021 2015/2015
f 2021/2021 2320/2320 2321/2321
f 2321/2321 2322/2322 2021/2021
f 2322/2322 2321/2321 2323/2323
f 2324/2324 2323/2323 2321/2321
f 2323/2323 2324/2324 2325/2325
f 2326/2326 2325/2325 2324/2324
f 2326/2326 2318/2318 2325/2325
f 2318/2318 2326/2326 2005/2005
f 2005/2005 2319/2319 2318/2318
f 2319/2319 2005/2005 2003/2003
f 2319/2319 2003/2003 2317/2317
f 2002/2002 2317/2317 2003/2003
f 2317/2317 2002/2002 2327/2327
f 2327/2327 2328/2328 2317/2317
f 2318/2318 2317/2317 2328/2328
f 2328/2328 2325/2325 2318/2318
f 2009/2009 2007/2007 2011/2011
f 2329/2329 2011/2011 2007/2007
f 2011/2011 2329/2329 2013/2013
f 2330/2330 2013/2013 2329/2329
f 2013/2013 2330/2330 2320/2320
f 2331/2331 2320/2320 2330/2330
f 2331/2331 2321/2321 2320/2320
f 2321/2321 2331/2331 2324/2324
f 2330/2330 2324/2324 2331/2331
f 2324/2324 2330/2330 2326/2326
f 2332/2332 2326/2326 2330/2330
f 2332/2332 2005/2005 2326/2326
f 2332/2332 2007/2007 2005/2005
f 2332/2332 2330/2330 2007/2007
f 2329/2329 2007/2007 2330/2330
f 2333/2333 2334/2334 2335/2335
f 2335/2335 2336/2336 2333/2333
f 2337/2337 2333/2333 2336/2336
f 2336/2336 2338/2338 2337/2337
f 2339/2339 2337/2337 2338/2338
f 2339/2339 2338/2338 2340/2340
f 2341/2341 2342/2342 2343/2343
f 2343/2343 2344/2344 2341/2341
f 2345/2345 2341/2341 2344/2344
f 2345/2345 2344/2344 2346/2346
f 2347/2347 2346/2346 2344/2344
f 2346/2346 2347/2347 2348/2348
f 2349/2349 2350/2350 2351/2351
f 2352/2352 2349/2349 2353/2353
f 2351/2351 2353/2353 2349/2349
f 2351/2351 2354/2354 2353/2353
f 2351/2351 2355/2355 2354/2354
f 2355/2355 2351/2351 2350/2350
f 2350/2350 2356/2356 2355/2355
f 2350/2350 2349/2349 2356/2356
f 2357/2357 2356/2356 2349/2349
f 2358/2358 2353/2353 2354/2354
f 2358/2358 2354/2354 2359/2359
f 2360/2360 2359/2359 2354/2354
f 2359/2359 2360/2360 2361/2361
f 2362/2362 2361/2361 2360/2360
f 2125/2125 2363/2363 2357/2357
f 2356/2356 2357/2357 2363/2363
f 2356/2356 2363/2363 2364/2364
f 2364/2364 2355/2355 2356/2356
f 2355/2355 2364/2364 2365/2365
f 2365/2365 2354/2354 2355/2355
f 2365/2365 2366/2366 2354/2354
f 2360/2360 2354/2354 2366/2366
f 2366/2366 2367/2367 2360/2360
f 2362/2362 2360/2360 2367/2367
f 2362/2362 2367/2367 2368/2368
f 2362/2362 2368/2368 2361/2361
f 2369/2369 2361/2361 2368/2368
f 2361/2361 2369/2369 2370/2370
f 2361/2361 2370/2370 2359/2359
f 2371/2371 2359/2359 2370/2370
f 2359/2359 2371/2371 2358/2358
f 2372/2372 2358/2358 2371/2371
f 2373/2373 2368/2368 2367/2367
f 2367/2367 2374/2374 2373/2373
f 2367/2367 2366/2366 2374/2374
f 2364/2364 2374/2374 2366/2366
f 2366/2366 2365/2365 2364/2364
f 2375/2375 2373/2373 2374/2374
f 2375/2375 2374/2374 2125/2125
f 2363/2363 2125/2125 2374/2374
f 2374/2374 2364/2364 2363/2363
f 2376/2376 2370/2370 2372/2372
f 2377/2377 2372/2372 2370/2370
f 2372/2372 2377/2377 2378/2378
f 2379/2379 2378/2378 2377/2377
f 2379/2379 2377/2377 2380/2380
f 2370/2370 2380/2380 2377/2377
f 2380/2380 2370/2370 2369/2369
f 2358/2358 2372/2372 2353/2353
f 2378/2378 2353/2353 2372/2372
f 2353/2353 2378/2378 2352/2352
f 2378/2378 2379/2379 2352/2352
f 2379/2379 2381/2381 2352/2352
f 2379/2379 2382/2382 2381/2381
f 2383/2383 2381/2381 2382/2382
f 2382/2382 2384/2384 2383/2383
f 2385/2385 2383/2383 2384/2384
f 2384/2384 2386/2386 2385/2385
f 2387/2387 2385/2385 2386/2386
f 2387/2387 2386/2386 2388/2388
f 2389/2389 2388/2388 2386/2386
f 2386/2386 2390/2390 2389/2389
f 2391/2391 2389/2389 2390/2390
f 2390/2390 2392/2392 2391/2391
f 2393/2393 2391/2391 2392/2392
f 2392/2392 2113/2113 2393/2393
f 2394/2394 2393/2393 2113/2113
f 2382/2382 2379/2379 2390/2390
f 2390/2390 2386/2386 2382/2382
f 2384/2384 2382/2382 2386/2386
f 2395/2395 2396/2396 2390/2390
f 2392/2392 2390/2390 2396/2396
f 1998/1998 1983/1983 1984/1984
f 1983/1983 1998/1998 2387/2387
f 1983/1983 2387/2387 1982/1982
f 2388/2388 1982/1982 2387/2387
f 1982/1982 2388/2388 1960/1960
f 2397/2397 1960/1960 2388/2388
f 2388/2388 2389/2389 2397/2397
f 2398/2398 2397/2397 2389/2389
f 2389/2389 2391/2391 2398/2398
f 2399/2399 2398/2398 2391/2391
f 2399/2399 2391/2391 2400/2400
f 2393/2393 2400/2400 2391/2391
f 2400/2400 2393/2393 2401/2401
f 2394/2394 2401/2401 2393/2393
f 2401/2401 2394/2394 2402/2402
f 2136/2136 2402/2402 2394/2394
f 2136/2136 2394/2394 2112/2112
f 2113/2113 2112/2112 2394/2394
f 2403/2403 2136/2136 2135/2135
f 2403/2403 2404/2404 2136/2136
f 2402/2402 2136/2136 2404/2404
f 2404/2404 2405/2405 2402/2402
f 2406/2406 2402/2402 2405/2405
f 2402/2402 2406/2406 2401/2401
f 2407/2407 2401/2401 2406/2406
f 2401/2401 2407/2407 2400/2400
f 2408/2408 2400/2400 2407/2407
f 2400/2400 2408/2408 2399/2399
f 2409/2409 2399/2399 2408/2408
f 2409/2409 2410/2410 2399/2399
f 2398/2398 2399/2399 2410/2410
f 2410/2410 2411/2411 2398/2398
f 2397/2397 2398/2398 2411/2411
f 2411/2411 2412/2412 2397/2397
f 1960/1960 2397/2397 2412/2412
f 2412/2412 1958/1958 1960/1960
f 2413/2413 2414/2414 2415/2415
f 2416/2416 2415/2415 2414/2414
f 2416/2416 2414/2414 2103/2103
f 2105/2105 2103/2103 2414/2414
f 2417/2417 2418/2418 2148/2148
f 2418/2418 2417/2417 2100/2100
f 2419/2419 2100/2100 2417/2417
f 2419/2419 2103/2103 2100/2100
f 2419/2419 2417/2417 2103/2103
f 2416/2416 2103/2103 2417/2417
f 2417/2417 2148/2148 2416/2416
f 2415/2415 2416/2416 2148/2148
f 2415/2415 2148/2148 2150/2150
f 2150/2150 2152/2152 2415/2415
f 2413/2413 2415/2415 2152/2152
f 2413/2413 2152/2152 2156/2156
f 2413/2413 2156/2156 2414/2414
f 2163/2163 2414/2414 2156/2156
f 2414/2414 2163/2163 2105/2105
f 2158/2158 2105/2105 2163/2163
f 2158/2158 2095/2095 2105/2105
f 2095/2095 2158/2158 2137/2137
f 2420/2420 2148/2148 2418/2418
f 2420/2420 2418/2418 2421/2421
f 2422/2422 2421/2421 2418/2418
f 2422/2422 2418/2418 2423/2423
f 2424/2424 2423/2423 2418/2418
f 2424/2424 2425/2425 2423/2423
f 2426/2426 2423/2423 2425/2425
f 2426/2426 2425/2425 2427/2427
f 2428/2428 2427/2427 2425/2425
f 2428/2428 2429/2429 2427/2427
f 2430/2430 2427/2427 2429/2429
f 2430/2430 2429/2429 2431/2431
f 2432/2432 2431/2431 2429/2429
f 2432/2432 2149/2149 2431/2431
f 2433/2433 2431/2431 2149/2149
f 2433/2433 2149/2149 2421/2421
f 2420/2420 2421/2421 2149/2149
f 2420/2420 2149/2149 2148/2148
f 2434/2434 2186/2186 2174/2174
f 2434/2434 2435/2435 2186/2186
f 2436/2436 2186/2186 2435/2435
f 2436/2436 2437/2437 2186/2186
f 2438/2438 2186/2186 2437/2437
f 2438/2438 2437/2437 2439/2439
f 2440/2440 2439/2439 2437/2437
f 2440/2440 2441/2441 2439/2439
f 2442/2442 2439/2439 2441/2441
f 2442/2442 2441/2441 2443/2443
f 2444/2444 2443/2443 2441/2441
f 2444/2444 2445/2445 2443/2443
f 2446/2446 2443/2443 2445/2445
f 2446/2446 2445/2445 2173/2173
f 2447/2447 2173/2173 2445/2445
f 2447/2447 2435/2435 2173/2173
f 2434/2434 2173/2173 2435/2435
f 2434/2434 2174/2174 2173/2173
f 1996/1996 2448/2448 1997/1997
f 2449/2449 1997/1997 2448/2448
f 2449/2449 2450/2450 1997/1997
f 2026/2026 1997/1997 2450/2450
f 2026/2026 1998/1998 1997/1997
f 1998/1998 2026/2026 2024/2024
f 2024/2024 2387/2387 1998/1998
f 2024/2024 2023/2023 2387/2387
f 2385/2385 2387/2387 2023/2023
f 2023/2023 2022/2022 2385/2385
f 2383/2383 2385/2385 2022/2022
f 2022/2022 2035/2035 2383/2383
f 2381/2381 2383/2383 2035/2035
f 2381/2381 2035/2035 2039/2039
f 2039/2039 2352/2352 2381/2381
f 2352/2352 2039/2039 2125/2125
f 2357/2357 2352/2352 2125/2125
f 2349/2349 2352/2352 2357/2357
f 2395/2395 2390/2390 2379/2379
f 2379/2379 2451/2451 2395/2395
f 2396/2396 2395/2395 2451/2451
f 2452/2452 2396/2396 2451/2451
f 2453/2453 2396/2396 2452/2452
f 2396/2396 2453/2453 2392/2392
f 2113/2113 2392/2392 2453/2453
f 2453/2453 2454/2454 2113/2113
f 2115/2115 2113/2113 2454/2454
f 2454/2454 2126/2126 2115/2115
f 2117/2117 2115/2115 2126/2126
f 2117/2117 2126/2126 2124/2124
f 2119/2119 2117/2117 2124/2124
f 2119/2119 2124/2124 2121/2121
